seed,train_s,infer_ms
42,47.27904295921326,0.003635219582470594
43,36.41687822341919,0.002750707893966301
44,37.97956848144531,0.0028870419032855127
