seed,time,AUC,Delta_CATE,PEHE
42,138.91769361495972,0.7967200610221206,0.19914204,0.11481113
