seed,inference_time_total_ms,inference_time_per_sample_ms,test_size,AUC,ACC,F1
42,4.029512405395508,0.03912147966403406,103,0.8138825324180015,0.7475728155339806,0.6976744186046512
44,2.985239028930664,0.02898290319350159,103,0.7745995423340961,0.7184466019417476,0.6588235294117647
45,2.7306079864501953,0.0265107571500019,103,0.8165522501906941,0.7475728155339806,0.7045454545454546
46,2.8421878814697266,0.02759405710164783,103,0.8188405797101449,0.7378640776699029,0.6666666666666666
