seed,time,AUC,Delta_CATE,PEHE,ACC,F1,Sensitivity
42,138.91769361495972,0.7967200610221206,0.19914204,0.11481113,,,
43,170.66666173934937,0.788329519450801,0.17817779,0.110826634,0.6504854368932039,0.5609756097560976,0.0
44,166.22030591964722,0.7963386727688787,0.21523835,0.11185213,0.6601941747572816,0.5679012345679012,0.0
