seed,training_time_s,AUC,Delta_CATE
42,171.58624386787415,0.7913806254767354,0.17441633
43,153.6777491569519,0.7875667429443174,0.15076262
44,142.3128674030304,0.7875667429443173,0.18405117
45,142.807288646698,0.7772692601067888,0.17759193
46,148.8782889842987,0.7902364607170099,0.17348129
