Method,AUC,AUC_std,Acc,Acc_std,PEHE,PEHE_std,Delta CATE,Delta CATE_std,Sensitivity,Sensitivity_std,Training Time (s),Training Time (s)_std,Inference Time (ms),Inference Time (ms)_std
XGBoost,0.8424103737604881,0.03437935343415147,0.7553398058252427,0.021048042124930864,0.09468349626975102,0.007796206303427722,-0.0056041419506072995,0.02651539694395074,0.0154479855671525,0.0037565525756567317,0.11720051765441894,0.020851844687866623,0.01441205589516649,0.0015586049864438959
TabR,0.8262395118230359,0.023975340903880024,0.7456310679611651,0.014400385411836232,0.12979709159393268,0.013696217601797107,0.03902268335223198,0.03169110556508962,0.01642373753711581,0.005652786667865912,15.086478519439698,19.455242909733464,0.08335206115130081,0.04659640733365661
MOGONET,0.6456140350877193,0.10993360105479234,0.5533980582524272,0.0,0.08657648331615665,0.014222480954153276,-0.002206634636968374,0.014809364224991963,0.021100793033838272,0.0035806485699819116,5.200387334823608,0.6204607479312433,0.25184779491239384,0.03372378553112163
TransTEE,0.8266209000762776,0.04445635941202318,0.7398058252427184,0.03722386313141904,0.15587912378313887,0.03248130486611576,0.042222204804420474,0.03890036343345805,0.006212844606488943,0.001236795826842182,25.750528240203856,4.18142093788676,0.06954739394697171,0.012017351079931127
HyperFast,0.8456140350877194,0.0319119655674086,0.6951456310679612,0.03540695636662226,0.07558578004665083,0.006452610778937638,0.04640357717871666,0.02592206910695047,0.004776558629237116,0.0016372737651195277,18.220243549346925,2.953456322245667,0.0493808857445578,0.005499555153948852
DLC (SOTA),0.7937452326468344,0.03535553448068591,0.7281553398058253,0.01941747572815533,0.10144372544003451,0.007900200474192617,0.1663530260324478,0.010222064764198702,0.0007332129636779428,0.00013461494162084116,0.0,0.0,0.25178483388956313,0.43639232195235245
