Model,AUC,PEHE
Full DLC,0.7696414950419527,0.15862052265558726
w/o HGNN,0.7162471395881006,0.4004457578544193
w/o VAE,0.7646834477498093,0.17226602295472118
w/o HSIC,0.7658276125095348,0.15671562945348624
