{
    "XGBoost": {
        "AUC": 0.8733790999237223,
        "Acc": 0.7572815533980582,
        "F1": 0.6987951807228916,
        "Precision": 0.7837837837837838,
        "Recall": 0.6304347826086957,
        "Time (ms)": 1.67,
        "Params": "N/A",
        "PEHE": 0.10167756160190919,
        "Delta CATE": -0.02649955078959465,
        "Sensitivity": 0.011696068570017815
    },
    "TabR": {
        "AUC": 0.8600305110602593,
        "Acc": 0.7475728155339806,
        "F1": 0.717391304347826,
        "Precision": 0.717391304347826,
        "Recall": 0.717391304347826,
        "Time (ms)": 126.2,
        "Params": "N/A",
        "PEHE": 0.14441156023497345,
        "Delta CATE": 0.011349063366651535,
        "Sensitivity": 0.022390518337488174
    },
    "MOGONET": {
        "AUC": 0.8520213577421816,
        "Acc": 0.7087378640776699,
        "F1": 0.53125,
        "Precision": 0.9444444444444444,
        "Recall": 0.3695652173913043,
        "Time (ms)": 42.65,
        "Params": "N/A",
        "PEHE": 0.11053531321520654,
        "Delta CATE": -0.039867550134658813,
        "Sensitivity": 0.01078878529369831
    },
    "TransTEE": {
        "AUC": 0.8222730739893213,
        "Acc": 0.7475728155339806,
        "F1": 0.7346938775510204,
        "Precision": 0.6923076923076923,
        "Recall": 0.782608695652174,
        "Time (ms)": 245.39,
        "Params": "N/A",
        "PEHE": 0.20309935032641657,
        "Delta CATE": 0.07006079703569412,
        "Sensitivity": 0.007181555964052677
    },
    "HyperFast": {
        "AUC": 0.8779557589626239,
        "Acc": 0.7087378640776699,
        "F1": 0.75,
        "Precision": 0.6081081081081081,
        "Recall": 0.9782608695652174,
        "Time (ms)": 153.43,
        "Params": "N/A",
        "PEHE": 0.07630433058026065,
        "Delta CATE": 0.047608181834220886,
        "Sensitivity": 0.0042203315533697605
    },
    "DLC (SOTA)": {
        "AUC": 0.8699466056445461,
        "Acc": 0.7669902912621359,
        "F1": 0.6842105263157895,
        "Precision": 0.8666666666666667,
        "Recall": 0.5652173913043478,
        "Time (ms)": 1.03,
        "Params": "201881",
        "PEHE": 0.33396348821913224,
        "Delta CATE": -0.13785861432552338,
        "Sensitivity": 0.0037489940878003836
    }
}