{
    "AUC": 0.8764302059496567,
    "Acc": 0.7961165048543689,
    "F1": 0.7407407407407407,
    "Precision": 0.8571428571428571,
    "Recall": 0.6521739130434783,
    "Time (ms)": 691.18,
    "Params": "248505",
    "PEHE": 0.17209538404910635,
    "Delta CATE": -0.06085037812590599,
    "Sensitivity": 0.006056143436580896
}