{
  "experiment": "B",
  "description": "Merged Data Baseline (PANCAN + LUAD)",
  "dataset": {
    "train": "pancan_synthetic_interaction (all) + luad_synthetic_interaction (train split)",
    "test": "luad_synthetic_interaction (test split)",
    "split_ratio": "8:1:1 (for LUAD)",
    "seed": 42
  },
  "models": {
    "XGBoost": {
      "accuracy": 0.75,
      "precision": 0.8125,
      "recall": 0.5652173913043478,
      "f1": 0.6666666666666666,
      "auc_roc": 0.8635682158920539,
      "train_time": 46.18205451965332,
      "inference_time": 0.23033356666564941,
      "status": "success"
    },
    "TabR": {
      "accuracy": 0.7115384615384616,
      "precision": 0.7,
      "recall": 0.6086956521739131,
      "f1": 0.6511627906976745,
      "auc_roc": 0.8095952023988006,
      "train_time": 213.1835696697235,
      "inference_time": 0.08712458610534668,
      "status": "success"
    },
    "HyperFast": {
      "accuracy": 0.4423076923076923,
      "precision": 0.4423076923076923,
      "recall": 1.0,
      "f1": 0.6133333333333333,
      "auc_roc": 0.5,
      "train_time": 120.59865164756775,
      "inference_time": 0.028344154357910156,
      "status": "success"
    },
    "MOGONET": {
      "accuracy": 0.7307692307692307,
      "precision": 0.8461538461538461,
      "recall": 0.4782608695652174,
      "f1": 0.6111111111111112,
      "auc_roc": 0.8395802098950524,
      "train_time": 39.10238575935364,
      "inference_time": 0.042945146560668945,
      "status": "success"
    },
    "TransTEE": {
      "ate": 0.08326795697212219,
      "ite_mean": 0.08326795697212219,
      "ite_std": 0.08947490155696869,
      "train_time": 25.68754267692566,
      "inference_time": 0.004617214202880859,
      "status": "success"
    }
  }
}