{
    "AUC": 0.8577421815408085,
    "ACC": 0.7961165048543689,
    "F1": 0.7692307692307693,
    "PEHE": 0.09114179684891541,
    "Delta_CATE": 0.06346800178289413,
    "Sens_Age": 0.0003587790997698903
}