{
    "AUC": 0.8093058733791,
    "ACC": 0.7766990291262136,
    "F1": 0.7294117647058823,
    "PEHE": 0.08713846114344326,
    "Delta_CATE": -0.0006293803453445435,
    "Sens_Age": 0.00036745393299497664
}