{
    "AUC": 0.8749046529366896,
    "ACC": 0.7961165048543689,
    "F1": 0.7920792079207921,
    "PEHE": 0.0618611381092825,
    "Delta_CATE": 0.007035639137029648,
    "Sens_Age": 0.0003442377783358097
}