{
    "AUC": 0.8737604881769642,
    "ACC": 0.8446601941747572,
    "F1": 0.8222222222222222,
    "PEHE": 0.07260847908905324,
    "Delta_CATE": 0.0209946446120739,
    "Sens_Age": 0.000835444254335016
}