{
    "AUC": 0.8112128146453089,
    "ACC": 0.7766990291262136,
    "F1": 0.7160493827160493,
    "PEHE": 0.08760422392768061,
    "Delta_CATE": 0.05448725074529648,
    "Sens_Age": 0.0045309909619390965
}