{
    "AUC": 0.872234935163997,
    "ACC": 0.8058252427184466,
    "F1": 0.7959183673469388,
    "PEHE": 0.057499820468258654,
    "Delta_CATE": 0.1494140475988388,
    "Sens_Age": 0.0016159830847755075
}