{
    "AUC": 0.8459191456903128,
    "ACC": 0.7669902912621359,
    "F1": 0.75,
    "PEHE": 0.07360418009776042,
    "Delta_CATE": 0.024311212822794914,
    "Sens_Age": 0.004376391880214214
}