{
    "AUC": 0.8482074752097636,
    "ACC": 0.7864077669902912,
    "F1": 0.7608695652173914,
    "PEHE": 0.07235216563301536,
    "Delta_CATE": 0.10175437480211258,
    "Sens_Age": 0.0007342252065427601
}