{
    "AUC": 0.8131197559115179,
    "ACC": 0.7378640776699029,
    "F1": 0.6896551724137931,
    "PEHE": 0.08267229945208115,
    "Delta_CATE": 0.03342263400554657,
    "Sens_Age": 0.003766703885048628
}