{
    "AUC": 0.8649885583524027,
    "ACC": 0.8058252427184466,
    "F1": 0.782608695652174,
    "PEHE": 0.07341606251421444,
    "Delta_CATE": 0.003357488662004471,
    "Sens_Age": 0.0008481330005452037
}