{
    "AUC": 0.8119755911517925,
    "ACC": 0.7378640776699029,
    "F1": 0.6966292134831461,
    "PEHE": 0.08601931893851472,
    "Delta_CATE": 0.08091012388467789,
    "Sens_Age": 0.00033529740176163614
}