{
    "AUC": 0.8600305110602593,
    "ACC": 0.7961165048543689,
    "F1": 0.7835051546391752,
    "PEHE": 0.05671273780890739,
    "Delta_CATE": 0.10353828966617584,
    "Sens_Age": 0.0007223658612929285
}