{
    "AUC": 0.8115942028985508,
    "ACC": 0.7572815533980582,
    "F1": 0.691358024691358,
    "PEHE": 0.07178771710388332,
    "Delta_CATE": -0.012342043220996857,
    "Sens_Age": 0.0002493042848072946
}