{
    "AUC": 0.8546910755148742,
    "ACC": 0.8155339805825242,
    "F1": 0.7956989247311828,
    "PEHE": 0.05827608905224356,
    "Delta_CATE": 0.12698248028755188,
    "Sens_Age": 0.0015216332394629717
}