{
    "AUC": 0.8810068649885584,
    "ACC": 0.8349514563106796,
    "F1": 0.8131868131868132,
    "PEHE": 0.06379781207325746,
    "Delta_CATE": 0.01889665797352791,
    "Sens_Age": 0.0006622452056035399
}