{
    "AUC": 0.8821510297482837,
    "ACC": 0.8252427184466019,
    "F1": 0.7804878048780488,
    "PEHE": 0.060441022359230656,
    "Delta_CATE": 0.12240646779537201,
    "Sens_Age": 0.005260471720248461
}