{
    "AUC": 0.8787185354691076,
    "ACC": 0.8058252427184466,
    "F1": 0.7674418604651163,
    "PEHE": 0.03850419941543029,
    "Delta_CATE": 0.14169220626354218,
    "Sens_Age": 0.004048930946737528
}