{
    "AUC": 0.8691838291380625,
    "ACC": 0.8252427184466019,
    "F1": 0.8,
    "PEHE": 0.082295642778777,
    "Delta_CATE": 0.005607530474662781,
    "Sens_Age": 0.00028436482534743845
}