{
    "AUC": 0.8493516399694889,
    "ACC": 0.8058252427184466,
    "F1": 0.7872340425531915,
    "PEHE": 0.07010819391908751,
    "Delta_CATE": 0.1071106493473053,
    "Sens_Age": 0.004878283478319645
}