{
    "AUC": 0.8649885583524027,
    "ACC": 0.8058252427184466,
    "F1": 0.7916666666666666,
    "PEHE": 0.06103776719891038,
    "Delta_CATE": 0.1427711546421051,
    "Sens_Age": 0.0023584787268191576
}