{
    "AUC": 0.8161708619374524,
    "ACC": 0.7378640776699029,
    "F1": 0.7157894736842105,
    "PEHE": 0.0969875706856963,
    "Delta_CATE": 0.0060812016017735004,
    "Sens_Age": 0.010351213626563549
}