{
    "AUC": 0.8806254767353165,
    "ACC": 0.7766990291262136,
    "F1": 0.7722772277227723,
    "PEHE": 0.06951429001213966,
    "Delta_CATE": -0.009980445727705956,
    "Sens_Age": 0.0003471302625257522
}