{
    "AUC": 0.8710907704042716,
    "ACC": 0.8155339805825242,
    "F1": 0.7912087912087912,
    "PEHE": 0.08657873758942863,
    "Delta_CATE": 0.13615262508392334,
    "Sens_Age": 0.0042491573840379715
}