{
    "AUC": 0.8890160183066361,
    "ACC": 0.8446601941747572,
    "F1": 0.8260869565217391,
    "PEHE": 0.04954768375845138,
    "Delta_CATE": 0.16287857294082642,
    "Sens_Age": 0.002110075205564499
}