{
    "AUC": 0.8707093821510298,
    "ACC": 0.7961165048543689,
    "F1": 0.7835051546391752,
    "PEHE": 0.066713940539114,
    "Delta_CATE": 0.14956806600093842,
    "Sens_Age": 0.002877020975574851
}