{
    "AUC": 0.8615560640732265,
    "ACC": 0.8155339805825242,
    "F1": 0.7912087912087912,
    "PEHE": 0.07795170786858949,
    "Delta_CATE": 0.1047586128115654,
    "Sens_Age": 0.0006413287483155727
}