{
    "AUC": 0.8787185354691076,
    "ACC": 0.8155339805825242,
    "F1": 0.7956989247311828,
    "PEHE": 0.08059388243209531,
    "Delta_CATE": -0.011448204517364502,
    "Sens_Age": 0.0002582103479653597
}