{
    "AUC": 0.8710907704042716,
    "ACC": 0.8058252427184466,
    "F1": 0.7959183673469388,
    "PEHE": 0.04717041631427752,
    "Delta_CATE": 0.15102000534534454,
    "Sens_Age": 0.000961938698310405
}