{
    "AUC": 0.7276887871853547,
    "ACC": 0.7669902912621359,
    "F1": 0.7142857142857143,
    "PEHE": 0.07775852847846948,
    "Delta_CATE": 0.1445138156414032,
    "Sens_Age": 0.04906581714749336
}