{
    "AUC": 0.8073989321128909,
    "ACC": 0.7475728155339806,
    "F1": 0.7045454545454546,
    "PEHE": 0.06888214342696898,
    "Delta_CATE": 0.10154949873685837,
    "Sens_Age": 0.0006401267019100487
}