{
    "AUC": 0.8672768878718535,
    "ACC": 0.8252427184466019,
    "F1": 0.7857142857142857,
    "PEHE": 0.047184163775223255,
    "Delta_CATE": 0.15315689146518707,
    "Sens_Age": 0.0013506151735782623
}