{
    "AUC": 0.8661327231121281,
    "ACC": 0.8058252427184466,
    "F1": 0.7674418604651163,
    "PEHE": 0.05430793344167746,
    "Delta_CATE": 0.11772959679365158,
    "Sens_Age": 0.006746390368789434
}