{
    "AUC": 0.8089244851258581,
    "ACC": 0.7572815533980582,
    "F1": 0.6987951807228916,
    "PEHE": 0.07675659725560965,
    "Delta_CATE": -0.004805499687790871,
    "Sens_Age": 0.00031807823688723147
}