{
    "AUC": 0.872234935163997,
    "ACC": 0.7961165048543689,
    "F1": 0.7692307692307693,
    "PEHE": 0.06507108581631994,
    "Delta_CATE": 0.14605939388275146,
    "Sens_Age": 0.002555481158196926
}