{
    "AUC": 0.8073989321128909,
    "ACC": 0.7475728155339806,
    "F1": 0.6976744186046512,
    "PEHE": 0.07210544113942409,
    "Delta_CATE": 0.0002489350736141205,
    "Sens_Age": 0.0007585368002764881
}