{
    "AUC": 0.8691838291380626,
    "ACC": 0.7864077669902912,
    "F1": 0.78,
    "PEHE": 0.06244509611555193,
    "Delta_CATE": 0.15607640147209167,
    "Sens_Age": 0.002941901795566082
}