{
    "AUC": 0.8211289092295956,
    "ACC": 0.7766990291262136,
    "F1": 0.7628865979381443,
    "PEHE": 0.08938665702267655,
    "Delta_CATE": -0.01771734282374382,
    "Sens_Age": 0.00034610938746482134
}