{
    "AUC": 0.8058733790999237,
    "ACC": 0.7766990291262136,
    "F1": 0.735632183908046,
    "PEHE": 0.08235686638619677,
    "Delta_CATE": 0.007358737289905548,
    "Sens_Age": 0.0007888206164352596
}