{
    "AUC": 0.8527841342486652,
    "ACC": 0.7864077669902912,
    "F1": 0.7555555555555555,
    "PEHE": 0.08432745852262699,
    "Delta_CATE": 0.075606569647789,
    "Sens_Age": 0.00032314180862158537
}