{
    "AUC": 0.8611746758199847,
    "ACC": 0.7961165048543689,
    "F1": 0.7835051546391752,
    "PEHE": 0.06790365388540141,
    "Delta_CATE": 0.10039378702640533,
    "Sens_Age": 0.0003547913220245391
}