{
    "AUC": 0.8657513348588864,
    "ACC": 0.7961165048543689,
    "F1": 0.7692307692307693,
    "PEHE": 0.07116338476633075,
    "Delta_CATE": 0.0015187636017799377,
    "Sens_Age": 0.00029274923144839704
}