{
    "AUC": 0.8676582761250953,
    "ACC": 0.8058252427184466,
    "F1": 0.8,
    "PEHE": 0.11604953616230426,
    "Delta_CATE": 0.035316675901412964,
    "Sens_Age": 0.003694078652188182
}