{
    "AUC": 0.8196033562166285,
    "ACC": 0.7475728155339806,
    "F1": 0.7450980392156863,
    "PEHE": 0.06563003044438177,
    "Delta_CATE": 0.11803166568279266,
    "Sens_Age": 0.0011615107068791986
}