{
    "AUC": 0.8009153318077802,
    "ACC": 0.7378640776699029,
    "F1": 0.7428571428571429,
    "PEHE": 0.06408767085372914,
    "Delta_CATE": 0.10028461366891861,
    "Sens_Age": 0.0006811459898017347
}