{
    "AUC": 0.8680396643783371,
    "ACC": 0.8155339805825242,
    "F1": 0.7865168539325843,
    "PEHE": 0.0755593928254859,
    "Delta_CATE": -0.013529963791370392,
    "Sens_Age": 0.00021941898739896715
}