{
    "AUC": 0.7940503432494279,
    "ACC": 0.7766990291262136,
    "F1": 0.7415730337078652,
    "PEHE": 0.09424942762103508,
    "Delta_CATE": 0.027378257364034653,
    "Sens_Age": 0.008624845184385777
}