{
    "AUC": 0.7948131197559116,
    "ACC": 0.7378640776699029,
    "F1": 0.7157894736842105,
    "PEHE": 0.08545857607807704,
    "Delta_CATE": 0.08552968502044678,
    "Sens_Age": 0.00046388027840293944
}