{
    "AUC": 0.8790999237223494,
    "ACC": 0.8252427184466019,
    "F1": 0.8085106382978723,
    "PEHE": 0.06718231267147727,
    "Delta_CATE": 0.006163787096738815,
    "Sens_Age": 0.0009112570551224053
}