{
  "Full DLC (SOTA)": {
    "AUC": {
      "mean": 0.8141876430205951,
      "std_ddof0": 0.02625480724266783,
      "values": [
        0.8283752860411899,
        0.7814645308924484,
        0.8142639206712433,
        0.7917620137299772,
        0.855072463768116
      ],
      "mean_pm_std": "0.8142 ± 0.0263"
    },
    "Acc": {
      "mean": 0.6815533980582524,
      "std_ddof0": 0.028405318132675317,
      "values": [
        0.6504854368932039,
        0.6504854368932039,
        0.7087378640776699,
        0.7184466019417476,
        0.6796116504854369
      ],
      "mean_pm_std": "0.6816 ± 0.0284"
    },
    "F1": {
      "mean": 0.6880991643175506,
      "std_ddof0": 0.01949171193409293,
      "values": [
        0.7,
        0.660377358490566,
        0.6808510638297872,
        0.6813186813186813,
        0.717948717948718
      ],
      "mean_pm_std": "0.6881 ± 0.0195"
    },
    "PEHE": {
      "mean": 0.03879096657037735,
      "std_ddof0": 0.0038901993212651074,
      "values": [
        0.03382096439599991,
        0.042343057692050934,
        0.035032905638217926,
        0.03905176371335983,
        0.04370614141225815
      ],
      "mean_pm_std": "0.0388 ± 0.0039"
    },
    "Delta CATE": {
      "mean": 0.1530436635017395,
      "std_ddof0": 0.017651589796568095,
      "values": [
        0.1719990074634552,
        0.1757318675518036,
        0.1407349556684494,
        0.1312326192855835,
        0.14551986753940582
      ],
      "mean_pm_std": "0.1530 ± 0.0177"
    },
    "Sensitivity": {
      "mean": 0.0034720081370323897,
      "std_ddof0": 0.001705387085598834,
      "values": [
        0.004566817078739405,
        0.004642053507268429,
        0.0009616594761610031,
        0.0052743577398359776,
        0.001915152883157134
      ],
      "mean_pm_std": "0.0035 ± 0.0017"
    }
  },
  "w/o HGNN": {
    "AUC": {
      "mean": 0.3769641495041952,
      "std_ddof0": 0.07086460588824775,
      "values": [
        0.36079328756674295,
        0.3676582761250954,
        0.5110602593440122,
        0.30167810831426395,
        0.34363081617086194
      ],
      "mean_pm_std": "0.3770 ± 0.0709"
    },
    "Acc": {
      "mean": 0.4427184466019417,
      "std_ddof0": 0.007766990291262154,
      "values": [
        0.44660194174757284,
        0.44660194174757284,
        0.44660194174757284,
        0.42718446601941745,
        0.44660194174757284
      ],
      "mean_pm_std": "0.4427 ± 0.0078"
    },
    "F1": {
      "mean": 0.6078283446823103,
      "std_ddof0": 0.019242639494439828,
      "values": [
        0.6174496644295302,
        0.6174496644295302,
        0.6174496644295302,
        0.5693430656934306,
        0.6174496644295302
      ],
      "mean_pm_std": "0.6078 ± 0.0192"
    },
    "PEHE": {
      "mean": 0.03496351018548012,
      "std_ddof0": 0.005116699001028681,
      "values": [
        0.04147946089506149,
        0.038705013692379,
        0.02966398373246193,
        0.03661195933818817,
        0.028357133269309998
      ],
      "mean_pm_std": "0.0350 ± 0.0051"
    },
    "Delta CATE": {
      "mean": 0.1714796543121338,
      "std_ddof0": 0.02109416408548587,
      "values": [
        0.16489474475383759,
        0.212428480386734,
        0.15720556676387787,
        0.15439552068710327,
        0.1684739589691162
      ],
      "mean_pm_std": "0.1715 ± 0.0211"
    },
    "Sensitivity": {
      "mean": 0.01580932829529047,
      "std_ddof0": 0.0037653015748428946,
      "values": [
        0.02260725013911724,
        0.011947215534746647,
        0.016861220821738243,
        0.014408125542104244,
        0.013222829438745975
      ],
      "mean_pm_std": "0.0158 ± 0.0038"
    }
  },
  "w/o VAE": {
    "AUC": {
      "mean": 0.7363081617086193,
      "std_ddof0": 0.02804757323042599,
      "values": [
        0.7356979405034325,
        0.6823035850495804,
        0.7517162471395882,
        0.7536231884057971,
        0.7581998474446987
      ],
      "mean_pm_std": "0.7363 ± 0.0280"
    },
    "Acc": {
      "mean": 0.6485436893203884,
      "std_ddof0": 0.028405318132675352,
      "values": [
        0.6407766990291263,
        0.6019417475728155,
        0.6601941747572816,
        0.6504854368932039,
        0.6893203883495146
      ],
      "mean_pm_std": "0.6485 ± 0.0284"
    },
    "F1": {
      "mean": 0.5870610540298745,
      "std_ddof0": 0.08729521547052323,
      "values": [
        0.5747126436781609,
        0.5773195876288659,
        0.6534653465346535,
        0.4375,
        0.6923076923076923
      ],
      "mean_pm_std": "0.5871 ± 0.0873"
    },
    "PEHE": {
      "mean": 0.07752970904111862,
      "std_ddof0": 0.013929841742227793,
      "values": [
        0.07749895006418228,
        0.0925561860203743,
        0.07900996506214142,
        0.08670560270547867,
        0.05187784135341644
      ],
      "mean_pm_std": "0.0775 ± 0.0139"
    },
    "Delta CATE": {
      "mean": 0.11629887968301773,
      "std_ddof0": 0.01686616690187596,
      "values": [
        0.1443393975496292,
        0.09641972184181213,
        0.11665758490562439,
        0.10192791372537613,
        0.12214978039264679
      ],
      "mean_pm_std": "0.1163 ± 0.0169"
    },
    "Sensitivity": {
      "mean": 0.028060389682650566,
      "std_ddof0": 0.006139471850548183,
      "values": [
        0.02473367750644684,
        0.03879038244485855,
        0.02862408012151718,
        0.020190276205539703,
        0.027963532134890556
      ],
      "mean_pm_std": "0.0281 ± 0.0061"
    }
  },
  "w/o HSIC": {
    "AUC": {
      "mean": 0.7276125095347064,
      "std_ddof0": 0.03476570976000918,
      "values": [
        0.7288329519450802,
        0.6613272311212814,
        0.7387490465293669,
        0.7604881769641496,
        0.7486651411136538
      ],
      "mean_pm_std": "0.7276 ± 0.0348"
    },
    "Acc": {
      "mean": 0.6524271844660194,
      "std_ddof0": 0.026339145565535054,
      "values": [
        0.6601941747572816,
        0.6019417475728155,
        0.6601941747572816,
        0.6601941747572816,
        0.6796116504854369
      ],
      "mean_pm_std": "0.6524 ± 0.0263"
    },
    "F1": {
      "mean": 0.5928644299306928,
      "std_ddof0": 0.07529251515472282,
      "values": [
        0.6236559139784946,
        0.5591397849462365,
        0.6601941747572816,
        0.46153846153846156,
        0.6597938144329897
      ],
      "mean_pm_std": "0.5929 ± 0.0753"
    },
    "PEHE": {
      "mean": 0.07591897398233413,
      "std_ddof0": 0.014241684537282959,
      "values": [
        0.076217420399189,
        0.0893159955739975,
        0.08399977535009384,
        0.08134274184703827,
        0.04871893674135208
      ],
      "mean_pm_std": "0.0759 ± 0.0142"
    },
    "Delta CATE": {
      "mean": 0.11555194556713104,
      "std_ddof0": 0.016444832545886603,
      "values": [
        0.13542377948760986,
        0.10262203961610794,
        0.10800063610076904,
        0.09671398252248764,
        0.13499929010868073
      ],
      "mean_pm_std": "0.1156 ± 0.0164"
    },
    "Sensitivity": {
      "mean": 0.022807949408888816,
      "std_ddof0": 0.006987534574019085,
      "values": [
        0.029542673379182816,
        0.032123785465955734,
        0.01511157862842083,
        0.021618874743580818,
        0.015642834827303886
      ],
      "mean_pm_std": "0.0228 ± 0.0070"
    }
  }
}