{
  "Full DLC (SOTA)": {
    "AUC": {
      "mean": 0.7950419527078566,
      "std_ddof0": 0.023333481699001353,
      "values": [
        0.8012967200610221,
        0.7726926010678871,
        0.7925247902364607,
        0.7726926010678871,
        0.8360030511060259
      ],
      "mean_pm_std": "0.7950 ± 0.0233"
    },
    "Acc": {
      "mean": 0.6796116504854369,
      "std_ddof0": 0.023781453813428905,
      "values": [
        0.7087378640776699,
        0.6796116504854369,
        0.6990291262135923,
        0.6699029126213593,
        0.6407766990291263
      ],
      "mean_pm_std": "0.6796 ± 0.0238"
    },
    "F1": {
      "mean": 0.6796298130902846,
      "std_ddof0": 0.02756663329523565,
      "values": [
        0.7321428571428571,
        0.6796116504854369,
        0.6666666666666666,
        0.6530612244897959,
        0.6666666666666666
      ],
      "mean_pm_std": "0.6796 ± 0.0276"
    },
    "PEHE": {
      "mean": 0.04509741961956024,
      "std_ddof0": 0.0032504074182355025,
      "values": [
        0.040799375623464584,
        0.047481637448072433,
        0.042879533022642136,
        0.04992131143808365,
        0.044405240565538406
      ],
      "mean_pm_std": "0.0451 ± 0.0033"
    },
    "Delta CATE": {
      "mean": 0.14311619699001313,
      "std_ddof0": 0.01475303423671755,
      "values": [
        0.16506728529930115,
        0.15287774801254272,
        0.13708670437335968,
        0.1217612475156784,
        0.13878799974918365
      ],
      "mean_pm_std": "0.1431 ± 0.0148"
    },
    "Sensitivity": {
      "mean": 0.004728224780410528,
      "std_ddof0": 0.0023387265745260667,
      "values": [
        0.009105958975851536,
        0.0051059117540717125,
        0.0025659874081611633,
        0.0033901946153491735,
        0.0034730711486190557
      ],
      "mean_pm_std": "0.0047 ± 0.0023"
    }
  },
  "w/o HGNN": {
    "AUC": {
      "mean": 0.4166285278413425,
      "std_ddof0": 0.05075565542241218,
      "values": [
        0.43974065598779555,
        0.4241037376048818,
        0.459954233409611,
        0.31769641495041956,
        0.44164759725400454
      ],
      "mean_pm_std": "0.4166 ± 0.0508"
    },
    "Acc": {
      "mean": 0.4466019417475728,
      "std_ddof0": 5.551115123125783e-17,
      "values": [
        0.44660194174757284,
        0.44660194174757284,
        0.44660194174757284,
        0.44660194174757284,
        0.44660194174757284
      ],
      "mean_pm_std": "0.4466 ± 0.0000"
    },
    "F1": {
      "mean": 0.6174496644295302,
      "std_ddof0": 0.0,
      "values": [
        0.6174496644295302,
        0.6174496644295302,
        0.6174496644295302,
        0.6174496644295302,
        0.6174496644295302
      ],
      "mean_pm_std": "0.6174 ± 0.0000"
    },
    "PEHE": {
      "mean": 0.048383097350597384,
      "std_ddof0": 0.00827714971768551,
      "values": [
        0.052602339535951614,
        0.0540497787296772,
        0.05534866452217102,
        0.04710358381271362,
        0.03281112015247345
      ],
      "mean_pm_std": "0.0484 ± 0.0083"
    },
    "Delta CATE": {
      "mean": 0.17690616548061372,
      "std_ddof0": 0.01004122158133171,
      "values": [
        0.16778971254825592,
        0.19605344533920288,
        0.1750597208738327,
        0.17577211558818817,
        0.16985583305358887
      ],
      "mean_pm_std": "0.1769 ± 0.0100"
    },
    "Sensitivity": {
      "mean": 0.009012794122099876,
      "std_ddof0": 0.0006914539581633223,
      "values": [
        0.009011327289044857,
        0.010343226604163647,
        0.008432026952505112,
        0.008598079904913902,
        0.008679309859871864
      ],
      "mean_pm_std": "0.0090 ± 0.0007"
    }
  },
  "w/o VAE": {
    "AUC": {
      "mean": 0.7443173150266972,
      "std_ddof0": 0.036206261766080515,
      "values": [
        0.7833714721586575,
        0.6781083142639207,
        0.7387490465293669,
        0.7543859649122807,
        0.7669717772692601
      ],
      "mean_pm_std": "0.7443 ± 0.0362"
    },
    "Acc": {
      "mean": 0.6155339805825243,
      "std_ddof0": 0.026481906207739565,
      "values": [
        0.5825242718446602,
        0.6407766990291263,
        0.6116504854368932,
        0.6504854368932039,
        0.5922330097087378
      ],
      "mean_pm_std": "0.6155 ± 0.0265"
    },
    "F1": {
      "mean": 0.672656457489506,
      "std_ddof0": 0.013122144790016152,
      "values": [
        0.6814814814814815,
        0.6542056074766355,
        0.6610169491525424,
        0.6896551724137931,
        0.676923076923077
      ],
      "mean_pm_std": "0.6727 ± 0.0131"
    },
    "PEHE": {
      "mean": 0.14525151252746582,
      "std_ddof0": 0.010164784801151572,
      "values": [
        0.14949506521224976,
        0.16152076423168182,
        0.13066203892230988,
        0.1436169296503067,
        0.14096276462078094
      ],
      "mean_pm_std": "0.1453 ± 0.0102"
    },
    "Delta CATE": {
      "mean": 0.046300368010997774,
      "std_ddof0": 0.014041069031972142,
      "values": [
        0.06743238866329193,
        0.030934765934944153,
        0.04479990899562836,
        0.03208965063095093,
        0.05624512583017349
      ],
      "mean_pm_std": "0.0463 ± 0.0140"
    },
    "Sensitivity": {
      "mean": 0.01665819510817528,
      "std_ddof0": 0.003353711771511549,
      "values": [
        0.0150523716583848,
        0.02205655723810196,
        0.014329887926578522,
        0.012924169190227985,
        0.018927989527583122
      ],
      "mean_pm_std": "0.0167 ± 0.0034"
    }
  },
  "w/o HSIC": {
    "AUC": {
      "mean": 0.7380625476735316,
      "std_ddof0": 0.03657622712719851,
      "values": [
        0.7784134248665142,
        0.6727688787185355,
        0.736842105263158,
        0.7360793287566743,
        0.7662090007627764
      ],
      "mean_pm_std": "0.7381 ± 0.0366"
    },
    "Acc": {
      "mean": 0.6097087378640775,
      "std_ddof0": 0.025613409627714422,
      "values": [
        0.5631067961165048,
        0.6116504854368932,
        0.6213592233009708,
        0.6407766990291263,
        0.6116504854368932
      ],
      "mean_pm_std": "0.6097 ± 0.0256"
    },
    "F1": {
      "mean": 0.6640604593094285,
      "std_ddof0": 0.023636378186677784,
      "values": [
        0.6715328467153284,
        0.6226415094339622,
        0.6548672566371682,
        0.6837606837606838,
        0.6875
      ],
      "mean_pm_std": "0.6641 ± 0.0236"
    },
    "PEHE": {
      "mean": 0.14181578457355498,
      "std_ddof0": 0.009356240689750264,
      "values": [
        0.14791348576545715,
        0.15558435022830963,
        0.12863603234291077,
        0.14120018482208252,
        0.1357448697090149
      ],
      "mean_pm_std": "0.1418 ± 0.0094"
    },
    "Delta CATE": {
      "mean": 0.04909207671880722,
      "std_ddof0": 0.009563047052365822,
      "values": [
        0.06257893145084381,
        0.0358700305223465,
        0.04433070123195648,
        0.04551964998245239,
        0.05716107040643692
      ],
      "mean_pm_std": "0.0491 ± 0.0096"
    },
    "Sensitivity": {
      "mean": 0.01438760980963707,
      "std_ddof0": 0.004123712858779352,
      "values": [
        0.017397064715623856,
        0.020178280770778656,
        0.00850655697286129,
        0.014267676509916782,
        0.011588470079004765
      ],
      "mean_pm_std": "0.0144 ± 0.0041"
    }
  }
}