{
  "Full DLC (SOTA)": {
    "AUC": {
      "mean": 0.8006864988558352,
      "std_ddof0": 0.025865435290170276,
      "values": [
        0.782608695652174,
        0.7890922959572846,
        0.7955758962623951,
        0.7845156369183829,
        0.8516399694889397
      ],
      "mean_pm_std": "0.8007 ± 0.0259"
    },
    "Acc": {
      "mean": 0.6776699029126214,
      "std_ddof0": 0.047324495560986155,
      "values": [
        0.6601941747572816,
        0.6310679611650486,
        0.7184466019417476,
        0.6310679611650486,
        0.7475728155339806
      ],
      "mean_pm_std": "0.6777 ± 0.0473"
    },
    "F1": {
      "mean": 0.6837368651951732,
      "std_ddof0": 0.03613293281086326,
      "values": [
        0.7008547008547008,
        0.6481481481481481,
        0.6881720430107527,
        0.6415094339622641,
        0.74
      ],
      "mean_pm_std": "0.6837 ± 0.0361"
    },
    "PEHE": {
      "mean": 0.042375330626964566,
      "std_ddof0": 0.004532931580652722,
      "values": [
        0.03804824873805046,
        0.0453520230948925,
        0.03760252892971039,
        0.049537330865859985,
        0.04133652150630951
      ],
      "mean_pm_std": "0.0424 ± 0.0045"
    },
    "Delta CATE": {
      "mean": 0.14738232493400574,
      "std_ddof0": 0.018607978466315005,
      "values": [
        0.17643466591835022,
        0.1580100953578949,
        0.13010737299919128,
        0.12557604908943176,
        0.14678344130516052
      ],
      "mean_pm_std": "0.1474 ± 0.0186"
    },
    "Sensitivity": {
      "mean": 0.005096357292495668,
      "std_ddof0": 0.0032356542314528123,
      "values": [
        0.010231475345790386,
        0.007306001149117947,
        0.0012579051544889808,
        0.003670699894428253,
        0.003015704918652773
      ],
      "mean_pm_std": "0.0051 ± 0.0032"
    }
  },
  "w/o HGNN": {
    "AUC": {
      "mean": 0.42067124332570555,
      "std_ddof0": 0.04550906442328499,
      "values": [
        0.46109839816933645,
        0.4172387490465294,
        0.4538520213577422,
        0.33485888634630057,
        0.4363081617086194
      ],
      "mean_pm_std": "0.4207 ± 0.0455"
    },
    "Acc": {
      "mean": 0.4466019417475728,
      "std_ddof0": 5.551115123125783e-17,
      "values": [
        0.44660194174757284,
        0.44660194174757284,
        0.44660194174757284,
        0.44660194174757284,
        0.44660194174757284
      ],
      "mean_pm_std": "0.4466 ± 0.0000"
    },
    "F1": {
      "mean": 0.6174496644295302,
      "std_ddof0": 0.0,
      "values": [
        0.6174496644295302,
        0.6174496644295302,
        0.6174496644295302,
        0.6174496644295302,
        0.6174496644295302
      ],
      "mean_pm_std": "0.6174 ± 0.0000"
    },
    "PEHE": {
      "mean": 0.04949266761541367,
      "std_ddof0": 0.008127290032381296,
      "values": [
        0.05482212081551552,
        0.05960202217102051,
        0.04966019466519356,
        0.04792869836091995,
        0.03545030206441879
      ],
      "mean_pm_std": "0.0495 ± 0.0081"
    },
    "Delta CATE": {
      "mean": 0.17911868095397948,
      "std_ddof0": 0.015256310445839432,
      "values": [
        0.16427752375602722,
        0.20806647837162018,
        0.17194010317325592,
        0.17952822148799896,
        0.17178107798099518
      ],
      "mean_pm_std": "0.1791 ± 0.0153"
    },
    "Sensitivity": {
      "mean": 0.0088983871974051,
      "std_ddof0": 0.0009119404050397083,
      "values": [
        0.00879231933504343,
        0.009534169919788837,
        0.007786998990923166,
        0.00810793973505497,
        0.010270508006215096
      ],
      "mean_pm_std": "0.0089 ± 0.0009"
    }
  },
  "w/o VAE": {
    "AUC": {
      "mean": 0.7307398932112892,
      "std_ddof0": 0.038747244653204956,
      "values": [
        0.7726926010678872,
        0.6628527841342486,
        0.7185354691075515,
        0.7383676582761252,
        0.7612509534706331
      ],
      "mean_pm_std": "0.7307 ± 0.0387"
    },
    "Acc": {
      "mean": 0.6058252427184467,
      "std_ddof0": 0.04858250875027888,
      "values": [
        0.5631067961165048,
        0.5631067961165048,
        0.6601941747572816,
        0.5728155339805825,
        0.6699029126213593
      ],
      "mean_pm_std": "0.6058 ± 0.0486"
    },
    "F1": {
      "mean": 0.6577178751611135,
      "std_ddof0": 0.030209631044341323,
      "values": [
        0.6715328467153284,
        0.6456692913385826,
        0.6902654867256637,
        0.6764705882352942,
        0.6046511627906976
      ],
      "mean_pm_std": "0.6577 ± 0.0302"
    },
    "PEHE": {
      "mean": 0.15275874435901643,
      "std_ddof0": 0.008325464661613245,
      "values": [
        0.15250153839588165,
        0.16824959218502045,
        0.14872844517230988,
        0.14344671368598938,
        0.15086743235588074
      ],
      "mean_pm_std": "0.1528 ± 0.0083"
    },
    "Delta CATE": {
      "mean": 0.04054180681705475,
      "std_ddof0": 0.012070154243371153,
      "values": [
        0.05914013087749481,
        0.02931220829486847,
        0.036271870136260986,
        0.02818945050239563,
        0.049795374274253845
      ],
      "mean_pm_std": "0.0405 ± 0.0121"
    },
    "Sensitivity": {
      "mean": 0.014097458682954311,
      "std_ddof0": 0.002510784058115166,
      "values": [
        0.01364301610738039,
        0.017536981031298637,
        0.011532725766301155,
        0.011355768889188766,
        0.016418801620602608
      ],
      "mean_pm_std": "0.0141 ± 0.0025"
    }
  },
  "w/o HSIC": {
    "AUC": {
      "mean": 0.7331045003813882,
      "std_ddof0": 0.035779340913088965,
      "values": [
        0.7765064836003052,
        0.6681922196796338,
        0.7311212814645308,
        0.7414187643020596,
        0.7482837528604119
      ],
      "mean_pm_std": "0.7331 ± 0.0358"
    },
    "Acc": {
      "mean": 0.6077669902912622,
      "std_ddof0": 0.04191656921344256,
      "values": [
        0.5533980582524272,
        0.5728155339805825,
        0.6504854368932039,
        0.6019417475728155,
        0.6601941747572816
      ],
      "mean_pm_std": "0.6078 ± 0.0419"
    },
    "F1": {
      "mean": 0.6528183203105804,
      "std_ddof0": 0.034850211209610786,
      "values": [
        0.6666666666666666,
        0.6507936507936508,
        0.6666666666666666,
        0.6917293233082706,
        0.5882352941176471
      ],
      "mean_pm_std": "0.6528 ± 0.0349"
    },
    "PEHE": {
      "mean": 0.14747196435928345,
      "std_ddof0": 0.01033632891828512,
      "values": [
        0.1466086059808731,
        0.16337524354457855,
        0.13393054902553558,
        0.13979284465312958,
        0.15365257859230042
      ],
      "mean_pm_std": "0.1475 ± 0.0103"
    },
    "Delta CATE": {
      "mean": 0.04235595166683197,
      "std_ddof0": 0.009855786388572636,
      "values": [
        0.05902615189552307,
        0.032252997159957886,
        0.03468044102191925,
        0.03810437023639679,
        0.047715798020362854
      ],
      "mean_pm_std": "0.0424 ± 0.0099"
    },
    "Sensitivity": {
      "mean": 0.012672201730310917,
      "std_ddof0": 0.003079400771830747,
      "values": [
        0.013857794925570488,
        0.017472365871071815,
        0.008162899874150753,
        0.012812203727662563,
        0.011055744253098965
      ],
      "mean_pm_std": "0.0127 ± 0.0031"
    }
  }
}