{
  "Full DLC (SOTA)": {
    "AUC": {
      "mean": 0.8042715484363082,
      "std_ddof0": 0.025738932235097947,
      "values": [
        0.8066361556064073,
        0.7707856598016781,
        0.8058733790999237,
        0.7894736842105263,
        0.8485888634630053
      ],
      "mean_pm_std": "0.8043 ± 0.0257"
    },
    "Acc": {
      "mean": 0.6776699029126214,
      "std_ddof0": 0.03653376256743063,
      "values": [
        0.6504854368932039,
        0.6310679611650486,
        0.6893203883495146,
        0.6796116504854369,
        0.7378640776699029
      ],
      "mean_pm_std": "0.6777 ± 0.0365"
    },
    "F1": {
      "mean": 0.6789578315877943,
      "std_ddof0": 0.029897534762490942,
      "values": [
        0.7,
        0.6481481481481481,
        0.6595744680851063,
        0.6597938144329897,
        0.7272727272727273
      ],
      "mean_pm_std": "0.6790 ± 0.0299"
    },
    "PEHE": {
      "mean": 0.03722506426274776,
      "std_ddof0": 0.00444312427122067,
      "values": [
        0.031213073059916496,
        0.041031502187252045,
        0.04212376847863197,
        0.03268083930015564,
        0.03907613828778267
      ],
      "mean_pm_std": "0.0372 ± 0.0044"
    },
    "Delta CATE": {
      "mean": 0.14801904261112214,
      "std_ddof0": 0.017028164468024857,
      "values": [
        0.17360924184322357,
        0.16279193758964539,
        0.13012254238128662,
        0.13820640742778778,
        0.1353650838136673
      ],
      "mean_pm_std": "0.1480 ± 0.0170"
    },
    "Sensitivity": {
      "mean": 0.0037339165806770324,
      "std_ddof0": 0.0021010997225664628,
      "values": [
        0.004646461457014084,
        0.0039378278888762,
        0.001466910121962428,
        0.007083861157298088,
        0.0015345222782343626
      ],
      "mean_pm_std": "0.0037 ± 0.0021"
    }
  },
  "w/o HGNN": {
    "AUC": {
      "mean": 0.3957284515636919,
      "std_ddof0": 0.047948619003152206,
      "values": [
        0.433257055682685,
        0.42982456140350883,
        0.42334096109839814,
        0.30587337909992374,
        0.3863463005339436
      ],
      "mean_pm_std": "0.3957 ± 0.0479"
    },
    "Acc": {
      "mean": 0.4466019417475728,
      "std_ddof0": 5.551115123125783e-17,
      "values": [
        0.44660194174757284,
        0.44660194174757284,
        0.44660194174757284,
        0.44660194174757284,
        0.44660194174757284
      ],
      "mean_pm_std": "0.4466 ± 0.0000"
    },
    "F1": {
      "mean": 0.6174496644295302,
      "std_ddof0": 0.0,
      "values": [
        0.6174496644295302,
        0.6174496644295302,
        0.6174496644295302,
        0.6174496644295302,
        0.6174496644295302
      ],
      "mean_pm_std": "0.6174 ± 0.0000"
    },
    "PEHE": {
      "mean": 0.04691862314939499,
      "std_ddof0": 0.004241790052991088,
      "values": [
        0.050478946417570114,
        0.052799053490161896,
        0.04658074676990509,
        0.041604556143283844,
        0.043129812926054
      ],
      "mean_pm_std": "0.0469 ± 0.0042"
    },
    "Delta CATE": {
      "mean": 0.16911782026290895,
      "std_ddof0": 0.021899883837118685,
      "values": [
        0.1492370367050171,
        0.20931322872638702,
        0.17036660015583038,
        0.1670842170715332,
        0.14958801865577698
      ],
      "mean_pm_std": "0.1691 ± 0.0219"
    },
    "Sensitivity": {
      "mean": 0.012962585873901844,
      "std_ddof0": 0.0023251947919424166,
      "values": [
        0.01436053216457367,
        0.01178345549851656,
        0.011751200072467327,
        0.010162812657654285,
        0.01675492897629738
      ],
      "mean_pm_std": "0.0130 ± 0.0023"
    }
  },
  "w/o VAE": {
    "AUC": {
      "mean": 0.732418001525553,
      "std_ddof0": 0.027865469207180943,
      "values": [
        0.7334096109839817,
        0.6784897025171625,
        0.7479023646071701,
        0.7551487414187643,
        0.7471395881006865
      ],
      "mean_pm_std": "0.7324 ± 0.0279"
    },
    "Acc": {
      "mean": 0.6524271844660194,
      "std_ddof0": 0.03214164147038226,
      "values": [
        0.6796116504854369,
        0.6504854368932039,
        0.6601941747572816,
        0.6796116504854369,
        0.5922330097087378
      ],
      "mean_pm_std": "0.6524 ± 0.0321"
    },
    "F1": {
      "mean": 0.5608798021751624,
      "std_ddof0": 0.1449563829548689,
      "values": [
        0.6597938144329897,
        0.64,
        0.6464646464646465,
        0.5822784810126582,
        0.27586206896551724
      ],
      "mean_pm_std": "0.5609 ± 0.1450"
    },
    "PEHE": {
      "mean": 0.07754762545228004,
      "std_ddof0": 0.013578269233966227,
      "values": [
        0.07824090868234634,
        0.09304604679346085,
        0.07844036817550659,
        0.0853521004319191,
        0.05265870317816734
      ],
      "mean_pm_std": "0.0775 ± 0.0136"
    },
    "Delta CATE": {
      "mean": 0.11646278202533722,
      "std_ddof0": 0.012312277891133214,
      "values": [
        0.14014042913913727,
        0.1131536066532135,
        0.10957176983356476,
        0.10482138395309448,
        0.11462672054767609
      ],
      "mean_pm_std": "0.1165 ± 0.0123"
    },
    "Sensitivity": {
      "mean": 0.025810445472598077,
      "std_ddof0": 0.007088158700722077,
      "values": [
        0.02060137875378132,
        0.039477698504924774,
        0.025792434811592102,
        0.02067844197154045,
        0.022502273321151733
      ],
      "mean_pm_std": "0.0258 ± 0.0071"
    }
  },
  "w/o HSIC": {
    "AUC": {
      "mean": 0.73348588863463,
      "std_ddof0": 0.03592215763222864,
      "values": [
        0.7299771167048055,
        0.6666666666666666,
        0.742181540808543,
        0.7643020594965675,
        0.7643020594965675
      ],
      "mean_pm_std": "0.7335 ± 0.0359"
    },
    "Acc": {
      "mean": 0.6601941747572816,
      "std_ddof0": 0.0495050438212892,
      "values": [
        0.6990291262135923,
        0.6213592233009708,
        0.6893203883495146,
        0.7087378640776699,
        0.5825242718446602
      ],
      "mean_pm_std": "0.6602 ± 0.0495"
    },
    "F1": {
      "mean": 0.5562144661068049,
      "std_ddof0": 0.17373565388941617,
      "values": [
        0.6990291262135923,
        0.6138613861386139,
        0.6666666666666666,
        0.5833333333333334,
        0.21818181818181817
      ],
      "mean_pm_std": "0.5562 ± 0.1737"
    },
    "PEHE": {
      "mean": 0.06508648470044136,
      "std_ddof0": 0.014395256324950974,
      "values": [
        0.06890617311000824,
        0.07347135990858078,
        0.07793556898832321,
        0.06792649626731873,
        0.037192825227975845
      ],
      "mean_pm_std": "0.0651 ± 0.0144"
    },
    "Delta CATE": {
      "mean": 0.12545267194509507,
      "std_ddof0": 0.014692731046952968,
      "values": [
        0.14116603136062622,
        0.11278007179498672,
        0.10976429283618927,
        0.1186278909444809,
        0.1449250727891922
      ],
      "mean_pm_std": "0.1255 ± 0.0147"
    },
    "Sensitivity": {
      "mean": 0.01976764090359211,
      "std_ddof0": 0.005748664611096182,
      "values": [
        0.02522076480090618,
        0.027783192694187164,
        0.013794125989079475,
        0.017953773960471153,
        0.014086347073316574
      ],
      "mean_pm_std": "0.0198 ± 0.0057"
    }
  }
}