{
  "Full DLC (SOTA)": {
    "AUC": {
      "mean": 0.8009916094584287,
      "std_ddof0": 0.020164440947164113,
      "values": [
        0.7936689549961862,
        0.782608695652174,
        0.8024408848207475,
        0.7871853546910755,
        0.8390541571319603
      ],
      "mean_pm_std": "0.8010 ± 0.0202"
    },
    "Acc": {
      "mean": 0.6660194174757282,
      "std_ddof0": 0.03663681993031692,
      "values": [
        0.6796116504854369,
        0.6407766990291263,
        0.7281553398058253,
        0.6213592233009708,
        0.6601941747572816
      ],
      "mean_pm_std": "0.6660 ± 0.0366"
    },
    "F1": {
      "mean": 0.6790187835516235,
      "std_ddof0": 0.029736552768549546,
      "values": [
        0.7130434782608696,
        0.6666666666666666,
        0.7021276595744681,
        0.6285714285714286,
        0.6846846846846847
      ],
      "mean_pm_std": "0.6790 ± 0.0297"
    },
    "PEHE": {
      "mean": 0.04738568812608719,
      "std_ddof0": 0.0043263384924844585,
      "values": [
        0.04076574370265007,
        0.047799933701753616,
        0.052815575152635574,
        0.0509205088019371,
        0.04462667927145958
      ],
      "mean_pm_std": "0.0474 ± 0.0043"
    },
    "Delta CATE": {
      "mean": 0.142213636636734,
      "std_ddof0": 0.023701600242572278,
      "values": [
        0.16474364697933197,
        0.16982993483543396,
        0.10647544264793396,
        0.1261339783668518,
        0.14388518035411835
      ],
      "mean_pm_std": "0.1422 ± 0.0237"
    },
    "Sensitivity": {
      "mean": 0.005220891581848264,
      "std_ddof0": 0.002456364789194467,
      "values": [
        0.007704593241214752,
        0.008122989907860756,
        0.001895223744213581,
        0.005285255145281553,
        0.0030963958706706762
      ],
      "mean_pm_std": "0.0052 ± 0.0025"
    }
  },
  "w/o HGNN": {
    "AUC": {
      "mean": 0.42090007627765064,
      "std_ddof0": 0.04732448882795949,
      "values": [
        0.4698703279938978,
        0.41304347826086957,
        0.4725400457665905,
        0.34477498093058734,
        0.40427154843630814
      ],
      "mean_pm_std": "0.4209 ± 0.0473"
    },
    "Acc": {
      "mean": 0.4466019417475728,
      "std_ddof0": 5.551115123125783e-17,
      "values": [
        0.44660194174757284,
        0.44660194174757284,
        0.44660194174757284,
        0.44660194174757284,
        0.44660194174757284
      ],
      "mean_pm_std": "0.4466 ± 0.0000"
    },
    "F1": {
      "mean": 0.6174496644295302,
      "std_ddof0": 0.0,
      "values": [
        0.6174496644295302,
        0.6174496644295302,
        0.6174496644295302,
        0.6174496644295302,
        0.6174496644295302
      ],
      "mean_pm_std": "0.6174 ± 0.0000"
    },
    "PEHE": {
      "mean": 0.04806843549013138,
      "std_ddof0": 0.007483366522569547,
      "values": [
        0.05288208648562431,
        0.05575937777757645,
        0.050077568739652634,
        0.04745692014694214,
        0.03416622430086136
      ],
      "mean_pm_std": "0.0481 ± 0.0075"
    },
    "Delta CATE": {
      "mean": 0.17547963559627533,
      "std_ddof0": 0.013118071131706639,
      "values": [
        0.16352923214435577,
        0.20062442123889923,
        0.1707223653793335,
        0.17494364082813263,
        0.16757851839065552
      ],
      "mean_pm_std": "0.1755 ± 0.0131"
    },
    "Sensitivity": {
      "mean": 0.00929129272699356,
      "std_ddof0": 0.00047068560151800596,
      "values": [
        0.008673330768942833,
        0.009142003953456879,
        0.009816457517445087,
        0.008965983986854553,
        0.009858687408268452
      ],
      "mean_pm_std": "0.0093 ± 0.0005"
    }
  },
  "w/o VAE": {
    "AUC": {
      "mean": 0.7431731502669718,
      "std_ddof0": 0.04005891324649017,
      "values": [
        0.7902364607170099,
        0.6708619374523264,
        0.7383676582761252,
        0.7509534706331045,
        0.7654462242562928
      ],
      "mean_pm_std": "0.7432 ± 0.0401"
    },
    "Acc": {
      "mean": 0.5902912621359222,
      "std_ddof0": 0.03033106670255013,
      "values": [
        0.5728155339805825,
        0.5436893203883495,
        0.6116504854368932,
        0.6310679611650486,
        0.5922330097087378
      ],
      "mean_pm_std": "0.5903 ± 0.0303"
    },
    "F1": {
      "mean": 0.6761003329102413,
      "std_ddof0": 0.01633946078769598,
      "values": [
        0.6764705882352942,
        0.6518518518518519,
        0.6721311475409836,
        0.703125,
        0.676923076923077
      ],
      "mean_pm_std": "0.6761 ± 0.0163"
    },
    "PEHE": {
      "mean": 0.1485425889492035,
      "std_ddof0": 0.009990653148555732,
      "values": [
        0.155736044049263,
        0.16265538334846497,
        0.13368035852909088,
        0.14351774752140045,
        0.14712341129779816
      ],
      "mean_pm_std": "0.1485 ± 0.0100"
    },
    "Delta CATE": {
      "mean": 0.04459579288959503,
      "std_ddof0": 0.010564594216650219,
      "values": [
        0.06042471528053284,
        0.03268742561340332,
        0.04167838394641876,
        0.03524337708950043,
        0.05294506251811981
      ],
      "mean_pm_std": "0.0446 ± 0.0106"
    },
    "Sensitivity": {
      "mean": 0.016027013771235943,
      "std_ddof0": 0.0025224690489887083,
      "values": [
        0.015191161073744297,
        0.019581863656640053,
        0.013685835525393486,
        0.013295846059918404,
        0.018380362540483475
      ],
      "mean_pm_std": "0.0160 ± 0.0025"
    }
  },
  "w/o HSIC": {
    "AUC": {
      "mean": 0.740655987795576,
      "std_ddof0": 0.040115082938975366,
      "values": [
        0.7875667429443174,
        0.6670480549199085,
        0.7418001525553012,
        0.7463768115942029,
        0.7604881769641496
      ],
      "mean_pm_std": "0.7407 ± 0.0401"
    },
    "Acc": {
      "mean": 0.5922330097087378,
      "std_ddof0": 0.04026493466665578,
      "values": [
        0.5631067961165048,
        0.5339805825242718,
        0.6116504854368932,
        0.6504854368932039,
        0.6019417475728155
      ],
      "mean_pm_std": "0.5922 ± 0.0403"
    },
    "F1": {
      "mean": 0.6742397392539987,
      "std_ddof0": 0.022967688367036894,
      "values": [
        0.6666666666666666,
        0.6470588235294118,
        0.6610169491525424,
        0.7142857142857143,
        0.6821705426356589
      ],
      "mean_pm_std": "0.6742 ± 0.0230"
    },
    "PEHE": {
      "mean": 0.14685867130756378,
      "std_ddof0": 0.012965551520792498,
      "values": [
        0.15442277491092682,
        0.1649833619594574,
        0.12743215262889862,
        0.1383512020111084,
        0.14910386502742767
      ],
      "mean_pm_std": "0.1469 ± 0.0130"
    },
    "Delta CATE": {
      "mean": 0.04584657251834869,
      "std_ddof0": 0.010248656583565817,
      "values": [
        0.0636925995349884,
        0.03454652428627014,
        0.03784637153148651,
        0.04393337666988373,
        0.049213990569114685
      ],
      "mean_pm_std": "0.0458 ± 0.0102"
    },
    "Sensitivity": {
      "mean": 0.01353219635784626,
      "std_ddof0": 0.003511888303549058,
      "values": [
        0.016422847285866737,
        0.01807122863829136,
        0.008311953395605087,
        0.013655558228492737,
        0.01119939424097538
      ],
      "mean_pm_std": "0.0135 ± 0.0035"
    }
  }
}