{
  "Full DLC (SOTA)": {
    "AUC": {
      "mean": 0.8058733790999236,
      "std_ddof0": 0.02718204141949493,
      "mean_pm_std": "0.8059 ± 0.0272",
      "values": [
        0.8020594965675056,
        0.7837528604118994,
        0.8047292143401983,
        0.7818459191456903,
        0.8569794050343249
      ]
    },
    "Acc": {
      "mean": 0.6679611650485437,
      "std_ddof0": 0.030946363981571336,
      "mean_pm_std": "0.6680 ± 0.0309",
      "values": [
        0.6213592233009708,
        0.6407766990291263,
        0.6893203883495146,
        0.6893203883495146,
        0.6990291262135923
      ]
    },
    "F1": {
      "mean": 0.673810918081853,
      "std_ddof0": 0.021102689970006975,
      "mean_pm_std": "0.6738 ± 0.0211",
      "values": [
        0.6666666666666666,
        0.6605504587155964,
        0.6595744680851063,
        0.6666666666666666,
        0.7155963302752294
      ]
    },
    "PEHE": {
      "mean": 0.03728587552905083,
      "std_ddof0": 0.002683326852550416,
      "mean_pm_std": "0.0373 ± 0.0027",
      "values": [
        0.03382330387830734,
        0.04095292091369629,
        0.03532383590936661,
        0.03655679151415825,
        0.03977252542972565
      ]
    },
    "Delta CATE": {
      "mean": 0.15090327858924865,
      "std_ddof0": 0.012965916654709577,
      "mean_pm_std": "0.1509 ± 0.0130",
      "values": [
        0.1694723665714264,
        0.1626332849264145,
        0.13895416259765625,
        0.13687913119792938,
        0.14657744765281677
      ]
    },
    "Sensitivity": {
      "mean": 0.003629837092012167,
      "std_ddof0": 0.0017183213439891404,
      "mean_pm_std": "0.0036 ± 0.0017",
      "values": [
        0.004117649048566818,
        0.005199726205319166,
        0.0011341515928506851,
        0.00554238585755229,
        0.0021552727557718754
      ]
    }
  },
  "w/o HGNN": {
    "AUC": {
      "mean": 0.3957284515636919,
      "std_ddof0": 0.047948619003152206,
      "mean_pm_std": "0.3957 ± 0.0479",
      "values": [
        0.433257055682685,
        0.42982456140350883,
        0.42334096109839814,
        0.30587337909992374,
        0.3863463005339436
      ]
    },
    "Acc": {
      "mean": 0.4466019417475728,
      "std_ddof0": 5.551115123125783e-17,
      "mean_pm_std": "0.4466 ± 0.0000",
      "values": [
        0.44660194174757284,
        0.44660194174757284,
        0.44660194174757284,
        0.44660194174757284,
        0.44660194174757284
      ]
    },
    "F1": {
      "mean": 0.6174496644295302,
      "std_ddof0": 0.0,
      "mean_pm_std": "0.6174 ± 0.0000",
      "values": [
        0.6174496644295302,
        0.6174496644295302,
        0.6174496644295302,
        0.6174496644295302,
        0.6174496644295302
      ]
    },
    "PEHE": {
      "mean": 0.04691862314939499,
      "std_ddof0": 0.004241790052991088,
      "mean_pm_std": "0.0469 ± 0.0042",
      "values": [
        0.050478946417570114,
        0.052799053490161896,
        0.04658074676990509,
        0.041604556143283844,
        0.043129812926054
      ]
    },
    "Delta CATE": {
      "mean": 0.16911782026290895,
      "std_ddof0": 0.021899883837118685,
      "mean_pm_std": "0.1691 ± 0.0219",
      "values": [
        0.1492370367050171,
        0.20931322872638702,
        0.17036660015583038,
        0.1670842170715332,
        0.14958801865577698
      ]
    },
    "Sensitivity": {
      "mean": 0.012962585873901844,
      "std_ddof0": 0.0023251947919424166,
      "mean_pm_std": "0.0130 ± 0.0023",
      "values": [
        0.01436053216457367,
        0.01178345549851656,
        0.011751200072467327,
        0.010162812657654285,
        0.01675492897629738
      ]
    }
  },
  "w/o VAE": {
    "AUC": {
      "mean": 0.732418001525553,
      "std_ddof0": 0.027865469207180943,
      "mean_pm_std": "0.7324 ± 0.0279",
      "values": [
        0.7334096109839817,
        0.6784897025171625,
        0.7479023646071701,
        0.7551487414187643,
        0.7471395881006865
      ]
    },
    "Acc": {
      "mean": 0.6563106796116506,
      "std_ddof0": 0.03045512066283133,
      "mean_pm_std": "0.6563 ± 0.0305",
      "values": [
        0.6504854368932039,
        0.6019417475728155,
        0.6601941747572816,
        0.6893203883495146,
        0.6796116504854369
      ]
    },
    "F1": {
      "mean": 0.6289624006114811,
      "std_ddof0": 0.01794274486433274,
      "mean_pm_std": "0.6290 ± 0.0179",
      "values": [
        0.6,
        0.616822429906542,
        0.6464646464646465,
        0.6363636363636364,
        0.6451612903225806
      ]
    },
    "PEHE": {
      "mean": 0.07754762545228004,
      "std_ddof0": 0.013578269233966227,
      "mean_pm_std": "0.0775 ± 0.0136",
      "values": [
        0.07824090868234634,
        0.09304604679346085,
        0.07844036817550659,
        0.0853521004319191,
        0.05265870317816734
      ]
    },
    "Delta CATE": {
      "mean": 0.11646278202533722,
      "std_ddof0": 0.012312277891133214,
      "mean_pm_std": "0.1165 ± 0.0123",
      "values": [
        0.14014042913913727,
        0.1131536066532135,
        0.10957176983356476,
        0.10482138395309448,
        0.11462672054767609
      ]
    },
    "Sensitivity": {
      "mean": 0.025810445472598077,
      "std_ddof0": 0.007088158700722077,
      "mean_pm_std": "0.0258 ± 0.0071",
      "values": [
        0.02060137875378132,
        0.039477698504924774,
        0.025792434811592102,
        0.02067844197154045,
        0.022502273321151733
      ]
    }
  },
  "w/o HSIC": {
    "AUC": {
      "mean": 0.73348588863463,
      "std_ddof0": 0.03592215763222864,
      "mean_pm_std": "0.7335 ± 0.0359",
      "values": [
        0.7299771167048055,
        0.6666666666666666,
        0.742181540808543,
        0.7643020594965675,
        0.7643020594965675
      ]
    },
    "Acc": {
      "mean": 0.6660194174757282,
      "std_ddof0": 0.03611859269463745,
      "mean_pm_std": "0.6660 ± 0.0361",
      "values": [
        0.6504854368932039,
        0.6019417475728155,
        0.6893203883495146,
        0.6990291262135923,
        0.6893203883495146
      ]
    },
    "F1": {
      "mean": 0.6251443107892279,
      "std_ddof0": 0.02293652970566415,
      "mean_pm_std": "0.6251 ± 0.0229",
      "values": [
        0.6086956521739131,
        0.6238532110091743,
        0.6666666666666666,
        0.6265060240963856,
        0.6
      ]
    },
    "PEHE": {
      "mean": 0.06508648470044136,
      "std_ddof0": 0.014395256324950974,
      "mean_pm_std": "0.0651 ± 0.0144",
      "values": [
        0.06890617311000824,
        0.07347135990858078,
        0.07793556898832321,
        0.06792649626731873,
        0.037192825227975845
      ]
    },
    "Delta CATE": {
      "mean": 0.12545267194509507,
      "std_ddof0": 0.014692731046952968,
      "mean_pm_std": "0.1255 ± 0.0147",
      "values": [
        0.14116603136062622,
        0.11278007179498672,
        0.10976429283618927,
        0.1186278909444809,
        0.1449250727891922
      ]
    },
    "Sensitivity": {
      "mean": 0.01976764090359211,
      "std_ddof0": 0.005748664611096182,
      "mean_pm_std": "0.0198 ± 0.0057",
      "values": [
        0.02522076480090618,
        0.027783192694187164,
        0.013794125989079475,
        0.017953773960471153,
        0.014086347073316574
      ]
    }
  }
}