{
  "Full DLC (SOTA)": {
    "AUC": {
      "mean": 0.8098398169336385,
      "std_ddof0": 0.024302064284869005,
      "values": [
        0.8058733790999238,
        0.7868039664378337,
        0.8077803203661328,
        0.7929061784897027,
        0.8558352402745996
      ],
      "mean_pm_std": "0.8098 ± 0.0243"
    },
    "Acc": {
      "mean": 0.6601941747572816,
      "std_ddof0": 0.0368420698272044,
      "values": [
        0.6310679611650486,
        0.6310679611650486,
        0.7184466019417476,
        0.6310679611650486,
        0.6893203883495146
      ],
      "mean_pm_std": "0.6602 ± 0.0368"
    },
    "F1": {
      "mean": 0.674633025116971,
      "std_ddof0": 0.023494511771019747,
      "values": [
        0.6779661016949152,
        0.6545454545454545,
        0.7010309278350515,
        0.6415094339622641,
        0.6981132075471698
      ],
      "mean_pm_std": "0.6746 ± 0.0235"
    },
    "PEHE": {
      "mean": 0.041637737303972244,
      "std_ddof0": 0.003192481270434325,
      "values": [
        0.039086662232875824,
        0.04247824475169182,
        0.036960355937480927,
        0.04397602379322052,
        0.04568739980459213
      ],
      "mean_pm_std": "0.0416 ± 0.0032"
    },
    "Delta CATE": {
      "mean": 0.1476648449897766,
      "std_ddof0": 0.01815542536770589,
      "values": [
        0.17508667707443237,
        0.16325825452804565,
        0.13775226473808289,
        0.12926504015922546,
        0.13296198844909668
      ],
      "mean_pm_std": "0.1477 ± 0.0182"
    },
    "Sensitivity": {
      "mean": 0.004208952886983752,
      "std_ddof0": 0.002587658578385658,
      "values": [
        0.005667915567755699,
        0.007682633586227894,
        0.0008598684798926115,
        0.005263068713247776,
        0.0015712780877947807
      ],
      "mean_pm_std": "0.0042 ± 0.0026"
    }
  },
  "w/o HGNN": {
    "AUC": {
      "mean": 0.4004576659038902,
      "std_ddof0": 0.06402280897501567,
      "values": [
        0.4591914569031274,
        0.425629290617849,
        0.446605644546148,
        0.28146453089244855,
        0.389397406559878
      ],
      "mean_pm_std": "0.4005 ± 0.0640"
    },
    "Acc": {
      "mean": 0.4466019417475728,
      "std_ddof0": 5.551115123125783e-17,
      "values": [
        0.44660194174757284,
        0.44660194174757284,
        0.44660194174757284,
        0.44660194174757284,
        0.44660194174757284
      ],
      "mean_pm_std": "0.4466 ± 0.0000"
    },
    "F1": {
      "mean": 0.6174496644295302,
      "std_ddof0": 0.0,
      "values": [
        0.6174496644295302,
        0.6174496644295302,
        0.6174496644295302,
        0.6174496644295302,
        0.6174496644295302
      ],
      "mean_pm_std": "0.6174 ± 0.0000"
    },
    "PEHE": {
      "mean": 0.048033156991004945,
      "std_ddof0": 0.004491689523909993,
      "values": [
        0.05005909502506256,
        0.05309336259961128,
        0.05127381160855293,
        0.04478587955236435,
        0.040953636169433594
      ],
      "mean_pm_std": "0.0480 ± 0.0045"
    },
    "Delta CATE": {
      "mean": 0.17127528488636018,
      "std_ddof0": 0.01821392529066782,
      "values": [
        0.15376900136470795,
        0.20333009958267212,
        0.17396874725818634,
        0.1718427687883377,
        0.15346580743789673
      ],
      "mean_pm_std": "0.1713 ± 0.0182"
    },
    "Sensitivity": {
      "mean": 0.010850086249411106,
      "std_ddof0": 0.002598814932338722,
      "values": [
        0.007924162782728672,
        0.010877367109060287,
        0.009476148523390293,
        0.010322521440684795,
        0.015650231391191483
      ],
      "mean_pm_std": "0.0109 ± 0.0026"
    }
  },
  "w/o VAE": {
    "AUC": {
      "mean": 0.748512585812357,
      "std_ddof0": 0.037430959524097925,
      "values": [
        0.7894736842105263,
        0.6823035850495806,
        0.7486651411136537,
        0.7433257055682685,
        0.7787948131197558
      ],
      "mean_pm_std": "0.7485 ± 0.0374"
    },
    "Acc": {
      "mean": 0.6058252427184466,
      "std_ddof0": 0.02853774457611472,
      "values": [
        0.5922330097087378,
        0.5631067961165048,
        0.6116504854368932,
        0.6116504854368932,
        0.6504854368932039
      ],
      "mean_pm_std": "0.6058 ± 0.0285"
    },
    "F1": {
      "mean": 0.6764316606474863,
      "std_ddof0": 0.01781351700293753,
      "values": [
        0.6818181818181818,
        0.6456692913385826,
        0.6721311475409836,
        0.6825396825396826,
        0.7
      ],
      "mean_pm_std": "0.6764 ± 0.0178"
    },
    "PEHE": {
      "mean": 0.139795882999897,
      "std_ddof0": 0.012104684033759338,
      "values": [
        0.1437465101480484,
        0.15547224879264832,
        0.12162934988737106,
        0.14743737876415253,
        0.1306939274072647
      ],
      "mean_pm_std": "0.1398 ± 0.0121"
    },
    "Delta CATE": {
      "mean": 0.0533915787935257,
      "std_ddof0": 0.014221523175709138,
      "values": [
        0.07154373824596405,
        0.034551188349723816,
        0.05327002704143524,
        0.04102042317390442,
        0.06657251715660095
      ],
      "mean_pm_std": "0.0534 ± 0.0142"
    },
    "Sensitivity": {
      "mean": 0.01848170403391123,
      "std_ddof0": 0.002726037837408137,
      "values": [
        0.01684929057955742,
        0.02268330752849579,
        0.017878197133541107,
        0.014802384190261364,
        0.020195340737700462
      ],
      "mean_pm_std": "0.0185 ± 0.0027"
    }
  },
  "w/o HSIC": {
    "AUC": {
      "mean": 0.7437070938215105,
      "std_ddof0": 0.037794786941590885,
      "values": [
        0.7761250953470633,
        0.6712433257055683,
        0.7437070938215103,
        0.7593440122044242,
        0.7681159420289856
      ],
      "mean_pm_std": "0.7437 ± 0.0378"
    },
    "Acc": {
      "mean": 0.6077669902912621,
      "std_ddof0": 0.025760192546449723,
      "values": [
        0.6019417475728155,
        0.5631067961165048,
        0.6116504854368932,
        0.6213592233009708,
        0.6407766990291263
      ],
      "mean_pm_std": "0.6078 ± 0.0258"
    },
    "F1": {
      "mean": 0.6719530864682651,
      "std_ddof0": 0.018590218763517356,
      "values": [
        0.6870229007633588,
        0.6456692913385826,
        0.6551724137931034,
        0.6776859504132231,
        0.6942148760330579
      ],
      "mean_pm_std": "0.6720 ± 0.0186"
    },
    "PEHE": {
      "mean": 0.13634737133979796,
      "std_ddof0": 0.01153796837703998,
      "values": [
        0.1412455439567566,
        0.15434159338474274,
        0.12429129332304001,
        0.13847167789936066,
        0.12338674813508987
      ],
      "mean_pm_std": "0.1363 ± 0.0115"
    },
    "Delta CATE": {
      "mean": 0.052658742666244505,
      "std_ddof0": 0.011724073981735165,
      "values": [
        0.06955410540103912,
        0.03719635307788849,
        0.046911612153053284,
        0.04705710709095001,
        0.06257453560829163
      ],
      "mean_pm_std": "0.0527 ± 0.0117"
    },
    "Sensitivity": {
      "mean": 0.015467567555606365,
      "std_ddof0": 0.003959345429670516,
      "values": [
        0.019798755645751953,
        0.019628573209047318,
        0.009663648903369904,
        0.015706155449151993,
        0.012540704570710659
      ],
      "mean_pm_std": "0.0155 ± 0.0040"
    }
  }
}