{
  "Full DLC (SOTA)": {
    "AUC": {
      "mean": 0.8115179252479023,
      "std_ddof0": 0.020086383634639594,
      "mean_pm_std": "0.8115 ± 0.0201",
      "values": [
        0.8260869565217391,
        0.7871853546910754,
        0.8093058733790999,
        0.7936689549961862,
        0.8413424866514112
      ]
    },
    "Acc": {
      "mean": 0.6834951456310681,
      "std_ddof0": 0.030455120662831292,
      "mean_pm_std": "0.6835 ± 0.0305",
      "values": [
        0.6601941747572816,
        0.6407766990291263,
        0.6893203883495146,
        0.6990291262135923,
        0.7281553398058253
      ]
    },
    "F1": {
      "mean": 0.6894785904398414,
      "std_ddof0": 0.019800394594460927,
      "mean_pm_std": "0.6895 ± 0.0198",
      "values": [
        0.6956521739130435,
        0.672566371681416,
        0.68,
        0.6736842105263158,
        0.7254901960784313
      ]
    },
    "PEHE": {
      "mean": 0.03640432842075825,
      "std_ddof0": 0.0044031294440558914,
      "mean_pm_std": "0.0364 ± 0.0044",
      "values": [
        0.03795517235994339,
        0.038611456751823425,
        0.030274292454123497,
        0.03262696787714958,
        0.04255375266075134
      ]
    },
    "Delta CATE": {
      "mean": 0.14976357519626618,
      "std_ddof0": 0.015531862851692276,
      "mean_pm_std": "0.1498 ± 0.0155",
      "values": [
        0.16418670117855072,
        0.17257484793663025,
        0.14055880904197693,
        0.1361059844493866,
        0.13539153337478638
      ]
    },
    "Sensitivity": {
      "mean": 0.0035381972789764403,
      "std_ddof0": 0.0017874684403776536,
      "mean_pm_std": "0.0035 ± 0.0018",
      "values": [
        0.005212781950831413,
        0.003929179161787033,
        0.0008853904437273741,
        0.005535975098609924,
        0.0021276597399264574
      ]
    }
  },
  "w/o HGNN": {
    "AUC": {
      "mean": 0.3881006864988558,
      "std_ddof0": 0.06280138678914106,
      "mean_pm_std": "0.3881 ± 0.0628",
      "values": [
        0.4324942791762014,
        0.4405034324942792,
        0.42105263157894735,
        0.2707856598016781,
        0.3756674294431731
      ]
    },
    "Acc": {
      "mean": 0.4485436893203884,
      "std_ddof0": 0.003883495145631066,
      "mean_pm_std": "0.4485 ± 0.0039",
      "values": [
        0.44660194174757284,
        0.44660194174757284,
        0.44660194174757284,
        0.4563106796116505,
        0.44660194174757284
      ]
    },
    "F1": {
      "mean": 0.6182840558679484,
      "std_ddof0": 0.001668782876836561,
      "mean_pm_std": "0.6183 ± 0.0017",
      "values": [
        0.6174496644295302,
        0.6174496644295302,
        0.6174496644295302,
        0.6216216216216216,
        0.6174496644295302
      ]
    },
    "PEHE": {
      "mean": 0.04794430881738663,
      "std_ddof0": 0.004466043184686178,
      "mean_pm_std": "0.0479 ± 0.0045",
      "values": [
        0.05385046824812889,
        0.05170520395040512,
        0.04832364246249199,
        0.042706865817308426,
        0.04313536360859871
      ]
    },
    "Delta CATE": {
      "mean": 0.16431824862957,
      "std_ddof0": 0.02631570859497256,
      "mean_pm_std": "0.1643 ± 0.0263",
      "values": [
        0.1451990157365799,
        0.21266144514083862,
        0.1721140742301941,
        0.1484508514404297,
        0.14316585659980774
      ]
    },
    "Sensitivity": {
      "mean": 0.014977898634970187,
      "std_ddof0": 0.003402534519300723,
      "mean_pm_std": "0.0150 ± 0.0034",
      "values": [
        0.018651654943823814,
        0.01191050373017788,
        0.012605389580130577,
        0.012133213691413403,
        0.019588731229305267
      ]
    }
  },
  "w/o VAE": {
    "AUC": {
      "mean": 0.7346300533943555,
      "std_ddof0": 0.019493976997127356,
      "mean_pm_std": "0.7346 ± 0.0195",
      "values": [
        0.736842105263158,
        0.6964149504195271,
        0.7479023646071701,
        0.7456140350877194,
        0.7463768115942029
      ]
    },
    "Acc": {
      "mean": 0.6446601941747574,
      "std_ddof0": 0.007766990291262132,
      "mean_pm_std": "0.6447 ± 0.0078",
      "values": [
        0.6504854368932039,
        0.6504854368932039,
        0.6407766990291263,
        0.6504854368932039,
        0.6310679611650486
      ]
    },
    "F1": {
      "mean": 0.5559737281067556,
      "std_ddof0": 0.10563982154027272,
      "mean_pm_std": "0.5560 ± 0.1056",
      "values": [
        0.5909090909090909,
        0.6666666666666666,
        0.6605504587155964,
        0.4375,
        0.42424242424242425
      ]
    },
    "PEHE": {
      "mean": 0.06828478053212166,
      "std_ddof0": 0.009834371499437642,
      "mean_pm_std": "0.0683 ± 0.0098",
      "values": [
        0.07447774708271027,
        0.07073529809713364,
        0.06312966346740723,
        0.08079817146062851,
        0.05228302255272865
      ]
    },
    "Delta CATE": {
      "mean": 0.12172901928424835,
      "std_ddof0": 0.014008520979724628,
      "mean_pm_std": "0.1217 ± 0.0140",
      "values": [
        0.14770768582820892,
        0.10718701779842377,
        0.12206324189901352,
        0.11227679997682571,
        0.11941035091876984
      ]
    },
    "Sensitivity": {
      "mean": 0.026001853868365288,
      "std_ddof0": 0.004908244620654475,
      "mean_pm_std": "0.0260 ± 0.0049",
      "values": [
        0.023057272657752037,
        0.03443177416920662,
        0.027196399867534637,
        0.019747907295823097,
        0.025575915351510048
      ]
    }
  },
  "w/o HSIC": {
    "AUC": {
      "mean": 0.7273836765827613,
      "std_ddof0": 0.03790653900138382,
      "mean_pm_std": "0.7274 ± 0.0379",
      "values": [
        0.723493516399695,
        0.6559877955758963,
        0.7433257055682685,
        0.7623951182303585,
        0.7517162471395882
      ]
    },
    "Acc": {
      "mean": 0.6194174757281553,
      "std_ddof0": 0.01980201752851571,
      "mean_pm_std": "0.6194 ± 0.0198",
      "values": [
        0.6310679611650486,
        0.6116504854368932,
        0.6116504854368932,
        0.6504854368932039,
        0.5922330097087378
      ]
    },
    "F1": {
      "mean": 0.5119614059857251,
      "std_ddof0": 0.13757473270350168,
      "mean_pm_std": "0.5120 ± 0.1376",
      "values": [
        0.5957446808510638,
        0.6078431372549019,
        0.6428571428571429,
        0.4375,
        0.27586206896551724
      ]
    },
    "PEHE": {
      "mean": 0.06742286682128906,
      "std_ddof0": 0.015061802863659489,
      "mean_pm_std": "0.0674 ± 0.0151",
      "values": [
        0.079752117395401,
        0.0794992446899414,
        0.06654725968837738,
        0.07237375527620316,
        0.03894195705652237
      ]
    },
    "Delta CATE": {
      "mean": 0.125504669547081,
      "std_ddof0": 0.01314389811853477,
      "mean_pm_std": "0.1255 ± 0.0131",
      "values": [
        0.1379459947347641,
        0.11253944039344788,
        0.12060602009296417,
        0.11236937344074249,
        0.14406251907348633
      ]
    },
    "Sensitivity": {
      "mean": 0.02056953329592943,
      "std_ddof0": 0.006668235807419456,
      "mean_pm_std": "0.0206 ± 0.0067",
      "values": [
        0.029858162626624107,
        0.02723080851137638,
        0.014179311692714691,
        0.017393892630934715,
        0.014185491017997265
      ]
    }
  }
}