{
  "Full DLC (SOTA)": {
    "AUC": {
      "mean": 0.8094584286803966,
      "std_ddof0": 0.024592416141519795,
      "values": [
        0.8161708619374524,
        0.7814645308924485,
        0.8062547673531656,
        0.7909992372234935,
        0.8524027459954233
      ],
      "mean_pm_std": "0.8095 ± 0.0246"
    },
    "Acc": {
      "mean": 0.6543689320388351,
      "std_ddof0": 0.029829692224732487,
      "values": [
        0.6019417475728155,
        0.6407766990291263,
        0.6796116504854369,
        0.6796116504854369,
        0.6699029126213593
      ],
      "mean_pm_std": "0.6544 ± 0.0298"
    },
    "F1": {
      "mean": 0.6664057687768192,
      "std_ddof0": 0.015118539903760782,
      "values": [
        0.6554621848739496,
        0.6605504587155964,
        0.6597938144329897,
        0.6597938144329897,
        0.6964285714285714
      ],
      "mean_pm_std": "0.6664 ± 0.0151"
    },
    "PEHE": {
      "mean": 0.036454441398382186,
      "std_ddof0": 0.0031444553088807964,
      "values": [
        0.041024137288331985,
        0.0392138808965683,
        0.03259166330099106,
        0.03480031341314316,
        0.034642212092876434
      ],
      "mean_pm_std": "0.0365 ± 0.0031"
    },
    "Delta CATE": {
      "mean": 0.154009148478508,
      "std_ddof0": 0.018500934625220723,
      "values": [
        0.175996333360672,
        0.1772247850894928,
        0.14098814129829407,
        0.13882367312908173,
        0.1370128095149994
      ],
      "mean_pm_std": "0.1540 ± 0.0185"
    },
    "Sensitivity": {
      "mean": 0.00280469236895442,
      "std_ddof0": 0.001428157846596414,
      "values": [
        0.003329133614897728,
        0.004452970344573259,
        0.00070624437648803,
        0.003950788173824549,
        0.0015843253349885345
      ],
      "mean_pm_std": "0.0028 ± 0.0014"
    }
  },
  "w/o HGNN": {
    "AUC": {
      "mean": 0.38474446987032807,
      "std_ddof0": 0.06868818323220148,
      "values": [
        0.4214340198321892,
        0.3497330282227308,
        0.48932112890922963,
        0.28451563691838294,
        0.3787185354691076
      ],
      "mean_pm_std": "0.3847 ± 0.0687"
    },
    "Acc": {
      "mean": 0.4466019417475728,
      "std_ddof0": 5.551115123125783e-17,
      "values": [
        0.44660194174757284,
        0.44660194174757284,
        0.44660194174757284,
        0.44660194174757284,
        0.44660194174757284
      ],
      "mean_pm_std": "0.4466 ± 0.0000"
    },
    "F1": {
      "mean": 0.6174496644295302,
      "std_ddof0": 0.0,
      "values": [
        0.6174496644295302,
        0.6174496644295302,
        0.6174496644295302,
        0.6174496644295302,
        0.6174496644295302
      ],
      "mean_pm_std": "0.6174 ± 0.0000"
    },
    "PEHE": {
      "mean": 0.034755682572722435,
      "std_ddof0": 0.004611124150501741,
      "values": [
        0.040947236120700836,
        0.037989430129528046,
        0.03039887361228466,
        0.035805657505989075,
        0.028637215495109558
      ],
      "mean_pm_std": "0.0348 ± 0.0046"
    },
    "Delta CATE": {
      "mean": 0.16767039895057678,
      "std_ddof0": 0.019940611275773262,
      "values": [
        0.16658137738704681,
        0.20636968314647675,
        0.1573975533246994,
        0.15175215899944305,
        0.1562512218952179
      ],
      "mean_pm_std": "0.1677 ± 0.0199"
    },
    "Sensitivity": {
      "mean": 0.013808672688901425,
      "std_ddof0": 0.003004225440130014,
      "values": [
        0.018600597977638245,
        0.010681113228201866,
        0.015289987437427044,
        0.01061707828193903,
        0.013854586519300938
      ],
      "mean_pm_std": "0.0138 ± 0.0030"
    }
  },
  "w/o VAE": {
    "AUC": {
      "mean": 0.7428680396643783,
      "std_ddof0": 0.023916905710873803,
      "values": [
        0.7448512585812357,
        0.6964149504195271,
        0.7536231884057971,
        0.7623951182303585,
        0.7570556826849733
      ],
      "mean_pm_std": "0.7429 ± 0.0239"
    },
    "Acc": {
      "mean": 0.6660194174757282,
      "std_ddof0": 0.027184466019417503,
      "values": [
        0.6796116504854369,
        0.6213592233009708,
        0.6504854368932039,
        0.6990291262135923,
        0.6796116504854369
      ],
      "mean_pm_std": "0.6660 ± 0.0272"
    },
    "F1": {
      "mean": 0.6353673859964487,
      "std_ddof0": 0.03869991995569925,
      "values": [
        0.6526315789473685,
        0.5617977528089888,
        0.6538461538461539,
        0.6352941176470588,
        0.6732673267326733
      ],
      "mean_pm_std": "0.6354 ± 0.0387"
    },
    "PEHE": {
      "mean": 0.072821706533432,
      "std_ddof0": 0.00973333817861944,
      "values": [
        0.07429952174425125,
        0.07778867334127426,
        0.07127305120229721,
        0.08507823944091797,
        0.05566904693841934
      ],
      "mean_pm_std": "0.0728 ± 0.0097"
    },
    "Delta CATE": {
      "mean": 0.12056842744350434,
      "std_ddof0": 0.01351554509535239,
      "values": [
        0.14245907962322235,
        0.11339522898197174,
        0.12401153892278671,
        0.10134082287549973,
        0.12163546681404114
      ],
      "mean_pm_std": "0.1206 ± 0.0135"
    },
    "Sensitivity": {
      "mean": 0.02994076944887638,
      "std_ddof0": 0.00472289068564112,
      "values": [
        0.029260093346238136,
        0.03743511438369751,
        0.03110417351126671,
        0.02265605330467224,
        0.02924841269850731
      ],
      "mean_pm_std": "0.0299 ± 0.0047"
    }
  },
  "w/o HSIC": {
    "AUC": {
      "mean": 0.7305873379099924,
      "std_ddof0": 0.03855425914636376,
      "values": [
        0.7257818459191457,
        0.6578947368421053,
        0.7482837528604119,
        0.7639206712433257,
        0.7570556826849733
      ],
      "mean_pm_std": "0.7306 ± 0.0386"
    },
    "Acc": {
      "mean": 0.6582524271844661,
      "std_ddof0": 0.029703026292773525,
      "values": [
        0.6504854368932039,
        0.6116504854368932,
        0.6504854368932039,
        0.6796116504854369,
        0.6990291262135923
      ],
      "mean_pm_std": "0.6583 ± 0.0297"
    },
    "F1": {
      "mean": 0.6326950353720269,
      "std_ddof0": 0.032249959779609656,
      "values": [
        0.6170212765957447,
        0.5918367346938775,
        0.6470588235294118,
        0.6206896551724138,
        0.6868686868686869
      ],
      "mean_pm_std": "0.6327 ± 0.0322"
    },
    "PEHE": {
      "mean": 0.07267871126532555,
      "std_ddof0": 0.013602368561869716,
      "values": [
        0.07827755808830261,
        0.09060302376747131,
        0.0678265169262886,
        0.07702986150979996,
        0.049656596034765244
      ],
      "mean_pm_std": "0.0727 ± 0.0136"
    },
    "Delta CATE": {
      "mean": 0.11759998947381974,
      "std_ddof0": 0.014814395644363983,
      "values": [
        0.1378120481967926,
        0.10092345625162125,
        0.12052148580551147,
        0.10056358575820923,
        0.1281793713569641
      ],
      "mean_pm_std": "0.1176 ± 0.0148"
    },
    "Sensitivity": {
      "mean": 0.023484256491065024,
      "std_ddof0": 0.007494858775812655,
      "values": [
        0.03292147442698479,
        0.03159375861287117,
        0.015645841136574745,
        0.021585868671536446,
        0.01567433960735798
      ],
      "mean_pm_std": "0.0235 ± 0.0075"
    }
  }
}