{
  "Full DLC (SOTA)": {
    "AUC": {
      "mean": 0.8122807017543859,
      "std_ddof0": 0.02762409624952414,
      "mean_pm_std": "0.8123 ± 0.0276",
      "values": [
        0.820747520976354,
        0.7868039664378338,
        0.8188405797101449,
        0.778794813119756,
        0.8562166285278413
      ]
    },
    "Acc": {
      "mean": 0.6854368932038836,
      "std_ddof0": 0.03396671006705999,
      "mean_pm_std": "0.6854 ± 0.0340",
      "values": [
        0.6504854368932039,
        0.6407766990291263,
        0.6990291262135923,
        0.7087378640776699,
        0.7281553398058253
      ]
    },
    "F1": {
      "mean": 0.6880327251371984,
      "std_ddof0": 0.01902406739213983,
      "mean_pm_std": "0.6880 ± 0.0190",
      "values": [
        0.7,
        0.672566371681416,
        0.6736842105263158,
        0.6739130434782609,
        0.72
      ]
    },
    "PEHE": {
      "mean": 0.040759307146072385,
      "std_ddof0": 0.0029465445667121817,
      "mean_pm_std": "0.0408 ± 0.0029",
      "values": [
        0.038359060883522034,
        0.04476302117109299,
        0.041585542261600494,
        0.03654567897319794,
        0.042543232440948486
      ]
    },
    "Delta CATE": {
      "mean": 0.15106960237026215,
      "std_ddof0": 0.018906880280673503,
      "mean_pm_std": "0.1511 ± 0.0189",
      "values": [
        0.16324883699417114,
        0.18183040618896484,
        0.12970319390296936,
        0.14161613583564758,
        0.1389494389295578
      ]
    },
    "Sensitivity": {
      "mean": 0.0038288289215415716,
      "std_ddof0": 0.0017161079800502553,
      "mean_pm_std": "0.0038 ± 0.0017",
      "values": [
        0.005006551276892424,
        0.004689682275056839,
        0.0016291035572066903,
        0.005877303425222635,
        0.0019415040733292699
      ]
    }
  },
  "w/o HGNN": {
    "AUC": {
      "mean": 0.39031273836765823,
      "std_ddof0": 0.05409618297682677,
      "mean_pm_std": "0.3903 ± 0.0541",
      "values": [
        0.427536231884058,
        0.4473684210526316,
        0.40541571319603353,
        0.2921434019832189,
        0.37909992372234935
      ]
    },
    "Acc": {
      "mean": 0.4466019417475728,
      "std_ddof0": 5.551115123125783e-17,
      "mean_pm_std": "0.4466 ± 0.0000",
      "values": [
        0.44660194174757284,
        0.44660194174757284,
        0.44660194174757284,
        0.44660194174757284,
        0.44660194174757284
      ]
    },
    "F1": {
      "mean": 0.6174496644295302,
      "std_ddof0": 0.0,
      "mean_pm_std": "0.6174 ± 0.0000",
      "values": [
        0.6174496644295302,
        0.6174496644295302,
        0.6174496644295302,
        0.6174496644295302,
        0.6174496644295302
      ]
    },
    "PEHE": {
      "mean": 0.049517007917165755,
      "std_ddof0": 0.00427622005214369,
      "mean_pm_std": "0.0495 ± 0.0043",
      "values": [
        0.056004598736763,
        0.053223542869091034,
        0.04590568691492081,
        0.04555674269795418,
        0.04689446836709976
      ]
    },
    "Delta CATE": {
      "mean": 0.16574042439460754,
      "std_ddof0": 0.026566184128502316,
      "mean_pm_std": "0.1657 ± 0.0266",
      "values": [
        0.14310207962989807,
        0.213683620095253,
        0.17137537896633148,
        0.16045328974723816,
        0.14008775353431702
      ]
    },
    "Sensitivity": {
      "mean": 0.014748121425509454,
      "std_ddof0": 0.004322797846470138,
      "mean_pm_std": "0.0147 ± 0.0043",
      "values": [
        0.018515871837735176,
        0.00915489625185728,
        0.014428434893488884,
        0.011048399843275547,
        0.020593004301190376
      ]
    }
  },
  "w/o VAE": {
    "AUC": {
      "mean": 0.736231884057971,
      "std_ddof0": 0.03254795150503293,
      "mean_pm_std": "0.7362 ± 0.0325",
      "values": [
        0.7364607170099161,
        0.6746758199847445,
        0.7532418001525554,
        0.7475209763539283,
        0.7692601067887109
      ]
    },
    "Acc": {
      "mean": 0.6601941747572816,
      "std_ddof0": 0.02944805997689924,
      "mean_pm_std": "0.6602 ± 0.0294",
      "values": [
        0.6796116504854369,
        0.6310679611650486,
        0.6990291262135923,
        0.6699029126213593,
        0.6213592233009708
      ]
    },
    "F1": {
      "mean": 0.5555085464363815,
      "std_ddof0": 0.10761183671638766,
      "mean_pm_std": "0.5555 ± 0.1076",
      "values": [
        0.6597938144329897,
        0.6545454545454545,
        0.5974025974025974,
        0.48484848484848486,
        0.38095238095238093
      ]
    },
    "PEHE": {
      "mean": 0.07064100727438927,
      "std_ddof0": 0.015143405676665266,
      "mean_pm_std": "0.0706 ± 0.0151",
      "values": [
        0.07603219896554947,
        0.09265855699777603,
        0.05854623392224312,
        0.07657140493392944,
        0.04939664155244827
      ]
    },
    "Delta CATE": {
      "mean": 0.11769322603940964,
      "std_ddof0": 0.018343730234409095,
      "mean_pm_std": "0.1177 ± 0.0183",
      "values": [
        0.14793173968791962,
        0.09241941571235657,
        0.10942397266626358,
        0.11407822370529175,
        0.12461277842521667
      ]
    },
    "Sensitivity": {
      "mean": 0.025605585426092148,
      "std_ddof0": 0.007937697217567619,
      "mean_pm_std": "0.0256 ± 0.0079",
      "values": [
        0.02338806353509426,
        0.03986101225018501,
        0.026131995022296906,
        0.015602374449372292,
        0.023044481873512268
      ]
    }
  },
  "w/o HSIC": {
    "AUC": {
      "mean": 0.7297482837528605,
      "std_ddof0": 0.03669787454066919,
      "mean_pm_std": "0.7297 ± 0.0367",
      "values": [
        0.7204424103737606,
        0.663996948893974,
        0.7379862700228833,
        0.7665903890160184,
        0.7597254004576659
      ]
    },
    "Acc": {
      "mean": 0.6504854368932038,
      "std_ddof0": 0.03130973882834392,
      "mean_pm_std": "0.6505 ± 0.0313",
      "values": [
        0.6990291262135923,
        0.6116504854368932,
        0.6601941747572816,
        0.6601941747572816,
        0.6213592233009708
      ]
    },
    "F1": {
      "mean": 0.5673574557629443,
      "std_ddof0": 0.12009523130877989,
      "mean_pm_std": "0.5674 ± 0.1201",
      "values": [
        0.7102803738317757,
        0.6363636363636364,
        0.631578947368421,
        0.47761194029850745,
        0.38095238095238093
      ]
    },
    "PEHE": {
      "mean": 0.06515776738524437,
      "std_ddof0": 0.014403534466137258,
      "mean_pm_std": "0.0652 ± 0.0144",
      "values": [
        0.056902509182691574,
        0.07181239128112793,
        0.08501851558685303,
        0.06951308250427246,
        0.042542338371276855
      ]
    },
    "Delta CATE": {
      "mean": 0.1247117981314659,
      "std_ddof0": 0.021426187648750372,
      "mean_pm_std": "0.1247 ± 0.0214",
      "values": [
        0.1589759886264801,
        0.11123886704444885,
        0.10132895410060883,
        0.11204805225133896,
        0.13996712863445282
      ]
    },
    "Sensitivity": {
      "mean": 0.02153436727821827,
      "std_ddof0": 0.007244026478864317,
      "mean_pm_std": "0.0215 ± 0.0072",
      "values": [
        0.03006731905043125,
        0.03032122552394867,
        0.01309163123369217,
        0.018011920154094696,
        0.01617974042892456
      ]
    }
  }
}