{
  "Full DLC (SOTA)": {
    "AUC": {
      "mean": 0.8032799389778795,
      "std_ddof0": 0.024546001016911463,
      "mean_pm_std": "0.8033 ± 0.0245",
      "values": [
        0.7913806254767354,
        0.7833714721586574,
        0.8112128146453089,
        0.7826086956521738,
        0.8478260869565217
      ]
    },
    "Acc": {
      "mean": 0.6621359223300971,
      "std_ddof0": 0.0354867318106739,
      "mean_pm_std": "0.6621 ± 0.0355",
      "values": [
        0.6407766990291263,
        0.6310679611650486,
        0.7184466019417476,
        0.6310679611650486,
        0.6893203883495146
      ]
    },
    "F1": {
      "mean": 0.6742831538635484,
      "std_ddof0": 0.022105580962973166,
      "mean_pm_std": "0.6743 ± 0.0221",
      "values": [
        0.6890756302521008,
        0.6545454545454545,
        0.6881720430107527,
        0.6415094339622641,
        0.6981132075471698
      ]
    },
    "PEHE": {
      "mean": 0.04454995095729828,
      "std_ddof0": 0.005156221872304444,
      "mean_pm_std": "0.0445 ± 0.0052",
      "values": [
        0.03746707737445831,
        0.048355698585510254,
        0.04130420461297035,
        0.05208183825016022,
        0.04354093596339226
      ]
    },
    "Delta CATE": {
      "mean": 0.14959400594234468,
      "std_ddof0": 0.01753431596678424,
      "mean_pm_std": "0.1496 ± 0.0175",
      "values": [
        0.17138254642486572,
        0.17050263285636902,
        0.13552668690681458,
        0.13231037557125092,
        0.1382477879524231
      ]
    },
    "Sensitivity": {
      "mean": 0.004877524613402784,
      "std_ddof0": 0.002920146636059102,
      "mean_pm_std": "0.0049 ± 0.0029",
      "values": [
        0.006057340186089277,
        0.009527674876153469,
        0.0013493458973243833,
        0.005230503156781197,
        0.002222758950665593
      ]
    }
  },
  "w/o HGNN": {
    "AUC": {
      "mean": 0.4004576659038902,
      "std_ddof0": 0.06402280897501567,
      "mean_pm_std": "0.4005 ± 0.0640",
      "values": [
        0.4591914569031274,
        0.425629290617849,
        0.446605644546148,
        0.28146453089244855,
        0.389397406559878
      ]
    },
    "Acc": {
      "mean": 0.4466019417475728,
      "std_ddof0": 5.551115123125783e-17,
      "mean_pm_std": "0.4466 ± 0.0000",
      "values": [
        0.44660194174757284,
        0.44660194174757284,
        0.44660194174757284,
        0.44660194174757284,
        0.44660194174757284
      ]
    },
    "F1": {
      "mean": 0.6174496644295302,
      "std_ddof0": 0.0,
      "mean_pm_std": "0.6174 ± 0.0000",
      "values": [
        0.6174496644295302,
        0.6174496644295302,
        0.6174496644295302,
        0.6174496644295302,
        0.6174496644295302
      ]
    },
    "PEHE": {
      "mean": 0.048033156991004945,
      "std_ddof0": 0.004491689523909993,
      "mean_pm_std": "0.0480 ± 0.0045",
      "values": [
        0.05005909502506256,
        0.05309336259961128,
        0.05127381160855293,
        0.04478587955236435,
        0.040953636169433594
      ]
    },
    "Delta CATE": {
      "mean": 0.17127528488636018,
      "std_ddof0": 0.01821392529066782,
      "mean_pm_std": "0.1713 ± 0.0182",
      "values": [
        0.15376900136470795,
        0.20333009958267212,
        0.17396874725818634,
        0.1718427687883377,
        0.15346580743789673
      ]
    },
    "Sensitivity": {
      "mean": 0.010850086249411106,
      "std_ddof0": 0.002598814932338722,
      "mean_pm_std": "0.0109 ± 0.0026",
      "values": [
        0.007924162782728672,
        0.010877367109060287,
        0.009476148523390293,
        0.010322521440684795,
        0.015650231391191483
      ]
    }
  },
  "w/o VAE": {
    "AUC": {
      "mean": 0.748512585812357,
      "std_ddof0": 0.037430959524097925,
      "mean_pm_std": "0.7485 ± 0.0374",
      "values": [
        0.7894736842105263,
        0.6823035850495806,
        0.7486651411136537,
        0.7433257055682685,
        0.7787948131197558
      ]
    },
    "Acc": {
      "mean": 0.6,
      "std_ddof0": 0.030946363981571336,
      "mean_pm_std": "0.6000 ± 0.0309",
      "values": [
        0.5728155339805825,
        0.5631067961165048,
        0.6116504854368932,
        0.6019417475728155,
        0.6504854368932039
      ]
    },
    "F1": {
      "mean": 0.6751101708406528,
      "std_ddof0": 0.01832935021212918,
      "mean_pm_std": "0.6751 ± 0.0183",
      "values": [
        0.6716417910447762,
        0.6511627906976745,
        0.6610169491525424,
        0.6917293233082706,
        0.7
      ]
    },
    "PEHE": {
      "mean": 0.139795882999897,
      "std_ddof0": 0.012104684033759338,
      "mean_pm_std": "0.1398 ± 0.0121",
      "values": [
        0.1437465101480484,
        0.15547224879264832,
        0.12162934988737106,
        0.14743737876415253,
        0.1306939274072647
      ]
    },
    "Delta CATE": {
      "mean": 0.0533915787935257,
      "std_ddof0": 0.014221523175709138,
      "mean_pm_std": "0.0534 ± 0.0142",
      "values": [
        0.07154373824596405,
        0.034551188349723816,
        0.05327002704143524,
        0.04102042317390442,
        0.06657251715660095
      ]
    },
    "Sensitivity": {
      "mean": 0.01848170403391123,
      "std_ddof0": 0.002726037837408137,
      "mean_pm_std": "0.0185 ± 0.0027",
      "values": [
        0.01684929057955742,
        0.02268330752849579,
        0.017878197133541107,
        0.014802384190261364,
        0.020195340737700462
      ]
    }
  },
  "w/o HSIC": {
    "AUC": {
      "mean": 0.7437070938215105,
      "std_ddof0": 0.037794786941590885,
      "mean_pm_std": "0.7437 ± 0.0378",
      "values": [
        0.7761250953470633,
        0.6712433257055683,
        0.7437070938215103,
        0.7593440122044242,
        0.7681159420289856
      ]
    },
    "Acc": {
      "mean": 0.6019417475728155,
      "std_ddof0": 0.04073044070563698,
      "mean_pm_std": "0.6019 ± 0.0407",
      "values": [
        0.5631067961165048,
        0.5436893203883495,
        0.6213592233009708,
        0.6407766990291263,
        0.6407766990291263
      ]
    },
    "F1": {
      "mean": 0.6742053516026221,
      "std_ddof0": 0.023577691453035957,
      "mean_pm_std": "0.6742 ± 0.0236",
      "values": [
        0.6666666666666666,
        0.6466165413533834,
        0.6548672566371682,
        0.7086614173228346,
        0.6942148760330579
      ]
    },
    "PEHE": {
      "mean": 0.13634737133979796,
      "std_ddof0": 0.01153796837703998,
      "mean_pm_std": "0.1363 ± 0.0115",
      "values": [
        0.1412455439567566,
        0.15434159338474274,
        0.12429129332304001,
        0.13847167789936066,
        0.12338674813508987
      ]
    },
    "Delta CATE": {
      "mean": 0.052658742666244505,
      "std_ddof0": 0.011724073981735165,
      "mean_pm_std": "0.0527 ± 0.0117",
      "values": [
        0.06955410540103912,
        0.03719635307788849,
        0.046911612153053284,
        0.04705710709095001,
        0.06257453560829163
      ]
    },
    "Sensitivity": {
      "mean": 0.015467567555606365,
      "std_ddof0": 0.003959345429670516,
      "mean_pm_std": "0.0155 ± 0.0040",
      "values": [
        0.019798755645751953,
        0.019628573209047318,
        0.009663648903369904,
        0.015706155449151993,
        0.012540704570710659
      ]
    }
  }
}