{
  "Full DLC (SOTA)": {
    "AUC": {
      "mean": 0.8185354691075515,
      "std": 0.020145677013026244,
      "text": "0.8185 ± 0.0201"
    },
    "Acc": {
      "mean": 0.7009708737864078,
      "std": 0.022477353209301398,
      "text": "0.7010 ± 0.0225"
    },
    "F1": {
      "mean": 0.7042235748696009,
      "std": 0.02625938862954521,
      "text": "0.7042 ± 0.0263"
    },
    "PEHE": {
      "mean": 0.045602265000343326,
      "std": 0.01015697318286795,
      "text": "0.0456 ± 0.0102"
    },
    "Delta CATE": {
      "mean": 0.15503463745117188,
      "std": 0.02948091661675705,
      "text": "0.1550 ± 0.0295"
    },
    "Sensitivity": {
      "mean": 0.0025324576534330847,
      "std": 0.0004582146912638852,
      "text": "0.0025 ± 0.0005"
    }
  },
  "w/o HGNN": {
    "AUC": {
      "mean": 0.8411899313501146,
      "std": 0.027381020546896305,
      "text": "0.8412 ± 0.0274"
    },
    "Acc": {
      "mean": 0.6990291262135923,
      "std": 0.026765143207942165,
      "text": "0.6990 ± 0.0268"
    },
    "F1": {
      "mean": 0.7187152222076295,
      "std": 0.020818456526478832,
      "text": "0.7187 ± 0.0208"
    },
    "PEHE": {
      "mean": 0.009624905977398157,
      "std": 0.002997258725019626,
      "text": "0.0096 ± 0.0030"
    },
    "Delta CATE": {
      "mean": 0.16049765944480895,
      "std": 0.012243670662146376,
      "text": "0.1605 ± 0.0122"
    },
    "Sensitivity": {
      "mean": 0.08739503100514412,
      "std": 0.030404621039337533,
      "text": "0.0874 ± 0.0304"
    }
  },
  "w/o VAE": {
    "AUC": {
      "mean": 0.8368421052631578,
      "std": 0.03224334879402582,
      "text": "0.8368 ± 0.0322"
    },
    "Acc": {
      "mean": 0.6757281553398059,
      "std": 0.0328379311170636,
      "text": "0.6757 ± 0.0328"
    },
    "F1": {
      "mean": 0.7017225465072355,
      "std": 0.02090445829225216,
      "text": "0.7017 ± 0.0209"
    },
    "PEHE": {
      "mean": 0.011723948922008277,
      "std": 0.004737932018598702,
      "text": "0.0117 ± 0.0047"
    },
    "Delta CATE": {
      "mean": 0.16217996776103974,
      "std": 0.01641626564868528,
      "text": "0.1622 ± 0.0164"
    },
    "Sensitivity": {
      "mean": 0.01574251502752304,
      "std": 0.005264509935837125,
      "text": "0.0157 ± 0.0053"
    }
  },
  "w/o HSIC": {
    "AUC": {
      "mean": 0.8363081617086194,
      "std": 0.0293082914516073,
      "text": "0.8363 ± 0.0293"
    },
    "Acc": {
      "mean": 0.6776699029126214,
      "std": 0.03950871834830252,
      "text": "0.6777 ± 0.0395"
    },
    "F1": {
      "mean": 0.7043528138356802,
      "std": 0.02573729835043967,
      "text": "0.7044 ± 0.0257"
    },
    "PEHE": {
      "mean": 0.014083471707999706,
      "std": 0.0040383394260537645,
      "text": "0.0141 ± 0.0040"
    },
    "Delta CATE": {
      "mean": 0.16314533352851868,
      "std": 0.0180089847075102,
      "text": "0.1631 ± 0.0180"
    },
    "Sensitivity": {
      "mean": 0.009435978345572948,
      "std": 0.003084509702613256,
      "text": "0.0094 ± 0.0031"
    }
  }
}