{
  "Full DLC (SOTA)": {
    "AUC": {
      "mean": 0.8074752097635391,
      "std_ddof0": 0.031391195771442205,
      "mean_pm_std": "0.8075 ± 0.0314",
      "values": [
        0.8199847444698704,
        0.774599542334096,
        0.8188405797101449,
        0.7700228832951945,
        0.8539282990083905
      ]
    },
    "Acc": {
      "mean": 0.6932038834951457,
      "std_ddof0": 0.01692776288753659,
      "mean_pm_std": "0.6932 ± 0.0169",
      "values": [
        0.6796116504854369,
        0.6796116504854369,
        0.7184466019417476,
        0.6796116504854369,
        0.7087378640776699
      ]
    },
    "F1": {
      "mean": 0.6930881164194774,
      "std_ddof0": 0.024569506760633398,
      "mean_pm_std": "0.6931 ± 0.0246",
      "values": [
        0.6915887850467289,
        0.6732673267326733,
        0.7238095238095238,
        0.6597938144329897,
        0.7169811320754716
      ]
    },
    "PEHE": {
      "mean": 0.0373855821788311,
      "std_ddof0": 0.0034683773640067036,
      "mean_pm_std": "0.0374 ± 0.0035",
      "values": [
        0.03420358523726463,
        0.03986114636063576,
        0.033231183886528015,
        0.03709369897842407,
        0.042538296431303024
      ]
    },
    "Delta CATE": {
      "mean": 0.15009163022041322,
      "std_ddof0": 0.01677178090058296,
      "mean_pm_std": "0.1501 ± 0.0168",
      "values": [
        0.1728445142507553,
        0.16724875569343567,
        0.13777251541614532,
        0.1307278275489807,
        0.14186453819274902
      ]
    },
    "Sensitivity": {
      "mean": 0.0036652626004070044,
      "std_ddof0": 0.0014719254644963613,
      "mean_pm_std": "0.0037 ± 0.0015",
      "values": [
        0.004054490011185408,
        0.004143485799431801,
        0.0015094392001628876,
        0.0058866459876298904,
        0.0027322520036250353
      ]
    }
  },
  "w/o HGNN": {
    "AUC": {
      "mean": 0.3901601830663616,
      "std_ddof0": 0.07470070930926005,
      "mean_pm_std": "0.3902 ± 0.0747",
      "values": [
        0.4359267734553776,
        0.4511823035850496,
        0.42906178489702523,
        0.24675819984744474,
        0.3878718535469108
      ]
    },
    "Acc": {
      "mean": 0.4466019417475728,
      "std_ddof0": 5.551115123125783e-17,
      "mean_pm_std": "0.4466 ± 0.0000",
      "values": [
        0.44660194174757284,
        0.44660194174757284,
        0.44660194174757284,
        0.44660194174757284,
        0.44660194174757284
      ]
    },
    "F1": {
      "mean": 0.6174496644295302,
      "std_ddof0": 0.0,
      "mean_pm_std": "0.6174 ± 0.0000",
      "values": [
        0.6174496644295302,
        0.6174496644295302,
        0.6174496644295302,
        0.6174496644295302,
        0.6174496644295302
      ]
    },
    "PEHE": {
      "mean": 0.04939747229218483,
      "std_ddof0": 0.003156197171340503,
      "mean_pm_std": "0.0494 ± 0.0032",
      "values": [
        0.05161049962043762,
        0.053861867636442184,
        0.04947094991803169,
        0.04497634992003441,
        0.04706769436597824
      ]
    },
    "Delta CATE": {
      "mean": 0.16534026563167573,
      "std_ddof0": 0.027092019771576166,
      "mean_pm_std": "0.1653 ± 0.0271",
      "values": [
        0.14822781085968018,
        0.21612313389778137,
        0.17056211829185486,
        0.14859412610530853,
        0.14319413900375366
      ]
    },
    "Sensitivity": {
      "mean": 0.014038226008415223,
      "std_ddof0": 0.00230981677133855,
      "mean_pm_std": "0.0140 ± 0.0023",
      "values": [
        0.016614612191915512,
        0.011494220234453678,
        0.012809734791517258,
        0.012254894711077213,
        0.01701766811311245
      ]
    }
  },
  "w/o VAE": {
    "AUC": {
      "mean": 0.7339435545385202,
      "std_ddof0": 0.025451601536881842,
      "mean_pm_std": "0.7339 ± 0.0255",
      "values": [
        0.723493516399695,
        0.6895499618611747,
        0.7479023646071702,
        0.7463768115942029,
        0.7623951182303585
      ]
    },
    "Acc": {
      "mean": 0.6407766990291262,
      "std_ddof0": 0.031906168398359226,
      "mean_pm_std": "0.6408 ± 0.0319",
      "values": [
        0.6116504854368932,
        0.6407766990291263,
        0.6019417475728155,
        0.6893203883495146,
        0.6601941747572816
      ]
    },
    "F1": {
      "mean": 0.5439191897027518,
      "std_ddof0": 0.07424128955326441,
      "mean_pm_std": "0.5439 ± 0.0742",
      "values": [
        0.4444444444444444,
        0.4788732394366197,
        0.6495726495726496,
        0.5897435897435898,
        0.5569620253164557
      ]
    },
    "PEHE": {
      "mean": 0.07190565392374992,
      "std_ddof0": 0.012622597158455368,
      "mean_pm_std": "0.0719 ± 0.0126",
      "values": [
        0.06167691946029663,
        0.08020110428333282,
        0.07727671414613724,
        0.08733976632356644,
        0.05303376540541649
      ]
    },
    "Delta CATE": {
      "mean": 0.11963364481925964,
      "std_ddof0": 0.0119441579748566,
      "mean_pm_std": "0.1196 ± 0.0119",
      "values": [
        0.14203685522079468,
        0.11124765872955322,
        0.11697302013635635,
        0.10805954784154892,
        0.11985114216804504
      ]
    },
    "Sensitivity": {
      "mean": 0.027084554359316827,
      "std_ddof0": 0.0062091161793089225,
      "mean_pm_std": "0.0271 ± 0.0062",
      "values": [
        0.02259133569896221,
        0.03858841955661774,
        0.026843002066016197,
        0.020761553198099136,
        0.026638461276888847
      ]
    }
  },
  "w/o HSIC": {
    "AUC": {
      "mean": 0.7317315026697178,
      "std_ddof0": 0.037998674603327,
      "mean_pm_std": "0.7317 ± 0.0380",
      "values": [
        0.7204424103737606,
        0.662090007627765,
        0.7524790236460717,
        0.7623951182303585,
        0.7612509534706331
      ]
    },
    "Acc": {
      "mean": 0.6407766990291262,
      "std_ddof0": 0.04834912465238346,
      "mean_pm_std": "0.6408 ± 0.0483",
      "values": [
        0.6019417475728155,
        0.6116504854368932,
        0.5922330097087378,
        0.7087378640776699,
        0.6893203883495146
      ]
    },
    "F1": {
      "mean": 0.5309129554287797,
      "std_ddof0": 0.09622658682589377,
      "mean_pm_std": "0.5309 ± 0.0962",
      "values": [
        0.4383561643835616,
        0.3939393939393939,
        0.6379310344827587,
        0.5945945945945946,
        0.5897435897435898
      ]
    },
    "PEHE": {
      "mean": 0.06757778599858284,
      "std_ddof0": 0.010142145296506437,
      "mean_pm_std": "0.0676 ± 0.0101",
      "values": [
        0.0647907629609108,
        0.07972671091556549,
        0.07389704138040543,
        0.0696384534239769,
        0.04983596131205559
      ]
    },
    "Delta CATE": {
      "mean": 0.12602943331003189,
      "std_ddof0": 0.011069992081036944,
      "mean_pm_std": "0.1260 ± 0.0111",
      "values": [
        0.14479248225688934,
        0.11858676373958588,
        0.12092041224241257,
        0.1139826774597168,
        0.13186483085155487
      ]
    },
    "Sensitivity": {
      "mean": 0.02112105432897806,
      "std_ddof0": 0.006551586105526162,
      "mean_pm_std": "0.0211 ± 0.0066",
      "values": [
        0.025979865342378616,
        0.031099388375878334,
        0.013175220228731632,
        0.019185340031981468,
        0.016165457665920258
      ]
    }
  }
}